Departure City,Arrival City,Departure Date,Flight Duration,Delay Minutes,Customer ID,Name,Booking Class,Frequent Flyer Status,Route,Ticket Price,Competitor Price,Demand,Origin,Destination,Profitability,Loyalty Points,Churned
Wilsonstad,Lake Johnmouth,2023-05-02 20:11:09,1.27581045131803,120,3769,Daniel Oliver,Business,Gold,MEL-BNE,370.638127656525,382.947395637282,-0.9327545989982,MEL,LHR,0.632225870654015,4245,True
New Brent,Port Wanda,2023-04-21 00:10:14,1.27581045131803,35,3529,Deborah Hall,Economy,Platinum,BNE-SYD,114.52901630896,394.583640538788,-1.00556916566473,MEL,SIN,1.26502553191557,833,True
South Samanthaberg,Lake Meganside,2023-05-12 15:16:31,0.721110255092798,67,1303,Mary York,Economy,Platinum,MEL-BNE,164.468018002553,479.832443893767,1.76138436766327,MEL,LAX,1.14165113716109,2568,True
Lake Gracefurt,Jamesberg,2023-06-13 20:53:09,-0.94299033358289,72,2965,Christina Sanchez,Economy,Gold,BNE-SYD,318.90316707067,286.301632317359,-0.520138721221218,MEL,LAX,1.12929136979456,284,True
Owenborough,Kelleymouth,2023-05-15 23:06:14,-0.388290137357661,101,8779,Dustin Owens,Economy,Silver,BNE-SYD,389.971051294559,407.463315519124,-0.665767854554271,BNE,SIN,1.21823929071472,2805,True
Lake Randyland,Jacquelineland,2023-06-01 07:58:06,-1.49769052980812,89,4269,Nicole Morales,First,Platinum,SYD-MEL,217.402721877127,243.476757546751,0.208006945444043,SYD,LHR,1.38812050920472,45,False
Lake Davidshire,Lake Shawn,2023-05-03 19:21:08,-0.388290137357661,37,9375,Monica Montgomery,First,Platinum,SYD-MEL,457.573921942835,192.667383822419,0.69343738988755,MEL,LHR,1.21051994772129,3981,False
South Deborah,New Kathrynburgh,2023-05-11 04:28:23,0.166410058867569,117,5855,Jason Whitaker,First,Silver,MEL-BNE,195.470678579492,355.512542821292,-1.66090026566346,SYD,SIN,0.879640620831095,371,True
Gregville,East John,2023-06-04 05:55:27,0.721110255092798,28,6021,Michael Wade,First,Platinum,MEL-BNE,334.939555653364,154.070034508635,-0.447324154554692,SYD,LAX,1.48347606324931,1689,False
Josephtown,Port Kennethfurt,2023-06-08 03:03:54,1.27581045131803,47,3065,David Cline,Business,Gold,SYD-MEL,145.367999022091,109.24669284451,0.353636078777095,BNE,SIN,0.924060362207884,112,True
Wandaborough,West Michael,2023-04-30 11:39:08,-0.388290137357661,31,2751,Susan Washington,Economy,Platinum,BNE-SYD,237.654982854431,363.307424786045,1.97982806766284,BNE,LAX,0.622074948740901,120,True
Cobbshire,Port Johnport,2023-06-02 04:13:50,0.166410058867569,21,4984,Ann Garcia,Economy,Gold,BNE-SYD,321.096889491207,367.885170212877,0.232278467666218,SYD,LHR,1.10814122653996,227,False
West Richardmouth,Greenton,2023-06-07 18:37:03,1.27581045131803,44,9861,Kristopher Drake,First,Platinum,SYD-MEL,117.430165718379,250.707579783175,-0.325966543443815,MEL,LHR,1.03209838917092,234,False
North Debbie,Mollyville,2023-05-26 17:58:35,-0.388290137357661,48,4572,Amy Decker,Business,Gold,SYD-MEL,428.859445539681,455.526715874666,-0.277423498999465,BNE,SIN,1.05745875328472,767,False
Port Angela,Grahamburgh,2023-06-02 14:55:21,-1.49769052980812,44,9029,William Chambers,First,Gold,BNE-SYD,468.874184088486,374.625186390772,0.0866493343331659,BNE,LHR,0.538505676410693,2176,True
Lake Stephaniefurt,South Mariaview,2023-05-15 20:45:00,0.166410058867569,67,2165,Tommy Odonnell,Business,Gold,MEL-BNE,123.967677703524,151.648804302142,0.572079778776673,MEL,LHR,0.689366203604874,1893,True
Brittanyview,Elizabethview,2023-05-18 23:48:54,-0.388290137357661,115,8906,Martin Lamb,First,Gold,BNE-SYD,317.595385139527,291.38982491078,-1.00556916566473,MEL,LHR,0.755879577131078,3142,True
New Michelle,Wallacehaven,2023-06-10 20:26:55,0.721110255092798,25,1183,Matthew Thompson,Economy,Silver,MEL-BNE,142.340653737518,204.606732936698,-1.66090026566346,SYD,SIN,1.2326455711231,1065,True
Marymouth,Port Patriciaton,2023-04-22 03:01:28,0.166410058867569,84,5183,Matthew Alexander,First,Silver,MEL-BNE,190.79979333843,448.758498131437,-0.0347082767777109,MEL,SIN,1.04955587328067,3651,False
East Francesborough,Port Kristi,2023-06-03 03:37:19,1.27581045131803,90,4860,Jennifer Middleton,Economy,Platinum,SYD-MEL,470.769958254291,319.46130731455,-1.46672808788606,BNE,LHR,0.604759437367696,2845,True
Hernandezmouth,North Shirleyview,2023-06-05 19:59:56,-0.388290137357661,77,1289,James Larson,Economy,Platinum,SYD-MEL,395.444938830209,211.870538218872,-0.253151976777289,SYD,LAX,1.48114340998734,4690,False
East David,South Nicholasville,2023-05-29 23:41:54,-0.388290137357661,47,5507,Kathryn Tucker,First,Silver,SYD-MEL,239.281039191143,461.568665015448,0.0138347676666397,SYD,SIN,1.33138706445464,4880,True
Port Matthewshire,Weaverberg,2023-05-10 10:06:19,-1.49769052980812,42,5018,Mrs. Lisa Horton DDS,Economy,Gold,BNE-SYD,150.233379739641,475.40126941124,-0.0104367545555355,BNE,SIN,1.01362223999525,854,True
Simpsonstad,New Cathy,2023-05-11 22:47:43,-1.49769052980812,94,6151,Tracey Mayer,Business,Gold,BNE-SYD,260.730658874506,359.63053850325,0.256549989888394,BNE,LAX,0.997038183736335,1059,True
Sandramouth,Rogersfort,2023-05-15 04:40:39,-1.49769052980812,70,3345,Patricia Avery,Economy,Gold,BNE-SYD,303.786690711847,273.557762754541,-0.884211554553849,SYD,SIN,1.02465877807039,1506,True
New Barbara,Lake Matthew,2023-04-27 04:42:48,-0.388290137357661,33,7256,Anna Morgan,Business,Silver,SYD-MEL,404.268358398825,160.210523962266,-0.859940032331674,BNE,SIN,1.14529392853778,302,False
New Josephmouth,South Denisestad,2023-04-29 09:20:10,-0.94299033358289,6,4124,Dr. Earl Phillips,Economy,Silver,MEL-BNE,293.218787461215,136.463539186647,-0.520138721221218,SYD,LHR,1.15114524573972,2847,True
Port Edgar,Aliciaview,2023-05-05 15:27:08,-0.388290137357661,5,5777,Theodore Chang PhD,First,Gold,BNE-SYD,290.924462767292,391.02096446983,-1.24828438788648,MEL,SIN,1.05634474437214,2182,False
Gregorystad,Hamiltonburgh,2023-06-01 03:51:29,-1.49769052980812,65,3036,Penny Sanchez,First,Silver,MEL-BNE,259.555011080407,230.109389772844,-1.32109895455301,MEL,SIN,1.2789038574062,2056,True
New Sarashire,West Graceside,2023-04-26 07:29:26,0.166410058867569,20,1144,Matthew Bird,Economy,Silver,SYD-MEL,455.298615293585,284.022223645116,-0.30169502122164,SYD,SIN,0.556350220934068,639,True
North Lorifurt,Johnsontown,2023-05-15 05:57:12,1.27581045131803,83,9494,Kimberly Sullivan,Economy,Gold,BNE-SYD,395.598571619124,437.424572280117,1.32449696766411,MEL,LAX,0.844142467054274,1544,True
Julianberg,North Brittneychester,2023-05-31 22:28:39,1.27581045131803,34,1071,Roberta Ramirez,Economy,Gold,MEL-BNE,287.172265350532,358.870325206258,-1.53954265455258,MEL,SIN,0.723256467367979,3664,False
Port Jason,Mannshire,2023-04-26 01:32:24,-0.94299033358289,57,9589,Paul Hardy,First,Gold,MEL-BNE,415.205684917657,93.5796790751988,0.6448943454432,BNE,LAX,1.45353787893297,4287,True
Flowersburgh,East Justin,2023-04-27 06:57:22,0.721110255092798,111,3575,Matthew Cannon,First,Platinum,SYD-MEL,288.08605794849,273.65046319973,-1.07838373233125,BNE,LHR,0.732186717850153,380,True
Port Robert,Morenofort,2023-04-23 03:09:55,0.166410058867569,34,5338,Kayla Jones,First,Gold,MEL-BNE,432.545039075952,349.596681544336,1.13032478988671,BNE,SIN,1.18603216515216,1377,False
Williamsville,East Connie,2023-06-01 01:30:23,-0.94299033358289,70,6072,Michael Thomas,Business,Platinum,MEL-BNE,183.997708959257,93.4189258058777,-0.325966543443815,SYD,LAX,0.784372809042737,1945,False
Coxburgh,Levineport,2023-04-23 14:45:53,-0.388290137357661,55,1725,Matthew Rogers,Economy,Gold,BNE-SYD,411.318968000607,222.000615865577,-0.131794365666412,BNE,LHR,1.14960230674205,2343,True
West Nicoleland,Vasquezhaven,2023-05-17 04:30:20,1.27581045131803,25,5528,Colin Robertson,Economy,Gold,BNE-SYD,192.096042487807,366.012290859886,-0.835668510109498,SYD,LHR,0.930550358622152,4254,True
Aprilchester,North Jeffreyside,2023-05-06 16:08:01,0.721110255092798,44,9481,Hayden Wright,Business,Platinum,MEL-BNE,161.107340086807,134.78788677019,-1.24828438788648,BNE,LAX,1.16387546306144,630,False
New Christopher,Kevinhaven,2023-05-28 09:18:05,0.721110255092798,34,3194,Diane Osborne,Economy,Gold,SYD-MEL,461.253445110216,98.8895676290367,0.402179123221446,SYD,LAX,1.36178107406391,1561,False
Susanberg,South Billy,2023-05-03 04:40:54,-0.94299033358289,118,1291,Anna Suarez,First,Platinum,MEL-BNE,448.075121350302,437.672411371528,-0.350238065665991,SYD,LHR,1.1506552888911,2600,False
Lake Billyland,Loganchester,2023-05-21 04:49:51,1.27581045131803,61,2719,Jessica Wood,Economy,Platinum,MEL-BNE,204.287463453956,330.648913551373,-1.63662874344129,BNE,LAX,1.01612741534523,4629,False
Walkerberg,Lake Matthewbury,2023-05-26 21:32:18,1.27581045131803,51,3760,Thomas Wise,First,Gold,MEL-BNE,440.64244148316,321.299966407903,0.474993689887972,BNE,LAX,0.912953293787901,826,False
East Alejandra,Berryberg,2023-05-01 21:08:09,0.721110255092798,33,4756,Timothy Lloyd,Economy,Platinum,MEL-BNE,206.634334800034,210.023344190336,-1.66090026566346,BNE,SIN,0.747076197565655,4047,False
Edwardsbury,Cassandramouth,2023-05-21 19:05:02,-0.388290137357661,68,7670,Alexis Anderson,First,Platinum,MEL-BNE,261.742794403098,372.403526951289,1.08178174544236,MEL,LAX,0.601155174257888,4445,False
Martinezborough,Johnfurt,2023-06-03 05:14:51,-1.49769052980812,72,8935,Scott Gill,First,Silver,BNE-SYD,167.651964568495,259.760487681278,0.790523478776252,MEL,SIN,0.732921870021857,3704,False
Port Tina,Cherylmouth,2023-05-25 14:44:13,1.27581045131803,21,9704,Christina Perez,Economy,Platinum,BNE-SYD,263.796912670237,288.191958582029,0.32936455655492,BNE,SIN,0.783682174870831,1366,True
Josechester,East Michellechester,2023-06-07 10:01:38,-0.388290137357661,34,5469,Robert Cook,Economy,Silver,SYD-MEL,134.08387694192,269.22931387075,-0.0104367545555355,BNE,LAX,1.2093813666848,4601,True
Mcdonaldmouth,Ryanfort,2023-06-01 19:42:00,1.27581045131803,59,6367,Sandy York,Business,Silver,MEL-BNE,446.499701445689,242.958059323473,1.42158305655281,BNE,LHR,0.515533493380488,4240,False
Lake Jeremyville,North Lawrencemouth,2023-05-08 08:18:23,0.166410058867569,40,2868,Jordan Howard,Business,Gold,MEL-BNE,349.037194263451,267.809498197,-0.544410243443394,MEL,LAX,0.852119214373779,899,False
South Emily,East Jacob,2023-05-26 12:13:37,0.166410058867569,86,7859,Kevin Roach,Economy,Platinum,MEL-BNE,401.006636774024,148.379210120534,-0.131794365666412,MEL,LHR,0.984201031671788,3615,False
West Randyton,West Dannyport,2023-05-13 10:40:25,0.166410058867569,120,3716,Jason Huffman,First,Silver,BNE-SYD,256.656130386334,120.26377220166,1.39731153433064,BNE,LHR,1.30788518063774,4128,False
West Ericland,South Tara,2023-05-31 02:53:17,1.27581045131803,81,4333,Willie Shaffer,Economy,Platinum,BNE-SYD,167.682001973356,454.394886887148,-0.350238065665991,SYD,LAX,0.780732238507433,4729,True
Stevenville,Nicholasberg,2023-06-14 12:56:29,0.166410058867569,37,6107,Paul Morton,Business,Platinum,MEL-BNE,458.580341206882,288.079241437091,-1.19974134344213,BNE,LHR,1.42886390325974,560,False
Leeberg,Higginstown,2023-05-05 02:03:26,-0.94299033358289,85,2863,Shawn Miller,First,Platinum,MEL-BNE,411.682519810839,466.161338951657,-1.41818504344171,SYD,LAX,1.37796632685141,187,False
New Stevenfurt,Bondhaven,2023-05-31 21:45:36,1.27581045131803,6,1171,Victor Estrada,Business,Platinum,SYD-MEL,264.429502033018,180.67801094004,-0.204608932332939,MEL,LAX,0.912833915441123,3167,True
East Thomasland,North Jennifershire,2023-06-02 08:08:42,1.27581045131803,72,1524,Carolyn Crosby,First,Gold,MEL-BNE,126.493989613469,129.377524194252,-1.41818504344171,MEL,LHR,0.551129498653608,1109,True
Port Carolyn,Port Robert,2023-06-05 06:09:11,-1.49769052980812,52,2409,Melissa Horton,First,Platinum,BNE-SYD,151.630300577979,324.336004898865,0.863338045442778,BNE,SIN,1.41375692798478,3017,False
Tiffanychester,Hughesland,2023-04-18 01:13:37,-0.388290137357661,11,3742,Terri Perkins,First,Silver,SYD-MEL,440.65378442422,171.857772837845,1.97982806766284,BNE,SIN,1.27313388235689,4357,False
Ericaton,Scottbury,2023-04-23 18:41:57,0.166410058867569,104,7185,Aaron Williams,Economy,Silver,SYD-MEL,392.826542999442,460.301382323778,0.0381062898888151,SYD,SIN,0.886712841701006,1057,True
East Lori,Gallowaychester,2023-06-15 01:04:37,1.27581045131803,63,4323,Patrick Cook,Business,Platinum,MEL-BNE,304.892240774669,476.020502979227,-0.325966543443815,SYD,LHR,0.87467981947878,2180,False
Michaelchester,Fullerbury,2023-05-07 23:32:44,0.721110255092798,113,6778,Melissa Francis,Economy,Gold,BNE-SYD,255.847163182523,389.827374672924,-0.98129764344255,MEL,LAX,0.705343659422147,938,True
South Brenda,Nicholsshire,2023-06-07 13:40:52,0.721110255092798,65,2226,Manuel Long,Business,Platinum,BNE-SYD,272.104327422393,167.67129053123,-1.15119829899778,SYD,LHR,1.42307962505781,2802,True
North Selena,Katherineburgh,2023-05-12 18:41:27,-1.49769052980812,112,3222,Jennifer Hernandez,Business,Platinum,SYD-MEL,448.844622021075,412.562510799342,0.280821512110569,SYD,SIN,1.28920898195767,3659,False
Pottsfort,Gutierrezport,2023-06-05 07:52:26,1.27581045131803,34,6925,Andrea Williams,Economy,Platinum,BNE-SYD,316.264740363515,247.771448042002,-0.325966543443815,BNE,LAX,0.959366745706467,472,False
Reyesshire,Rogershaven,2023-04-19 08:41:26,1.27581045131803,58,8915,James Hughes,First,Gold,MEL-BNE,170.775026981707,388.69627203572,-0.0589797989998863,SYD,LHR,0.932995553914368,967,False
Lake Johnfurt,South Brittany,2023-06-03 08:59:19,-0.388290137357661,112,1010,Kathryn Mckay,Business,Silver,SYD-MEL,488.013471736883,460.257192902853,-1.05411221010908,SYD,LHR,1.03462751043095,1181,True
Kennedyfort,South Amy,2023-06-04 06:55:24,0.721110255092798,45,2363,Derrick Williams,Economy,Gold,BNE-SYD,325.551897020177,321.299998071641,1.47012610099716,BNE,SIN,0.898990388543453,1986,False
East Laura,New Jenniferfurt,2023-05-25 21:42:53,-1.49769052980812,64,2241,Bridget Sanchez,First,Platinum,SYD-MEL,161.264712489696,228.374919990521,1.71284132321892,MEL,LHR,0.993924840188776,2418,True
Jessicaburgh,West Richard,2023-05-24 15:54:05,1.27581045131803,119,5494,Kevin Mejia,First,Platinum,SYD-MEL,243.380596331023,446.242375220178,-1.15119829899778,SYD,SIN,1.05332482519768,1059,False
Jameshaven,East Lauren,2023-05-20 14:35:34,1.27581045131803,94,4338,Erik Robinson,Economy,Silver,MEL-BNE,126.168809159805,225.741489715501,0.596351300998849,MEL,LAX,1.08421975242701,4322,True
Port Cory,Russellberg,2023-06-11 20:01:48,1.27581045131803,5,6239,Adrian Palmer,First,Platinum,MEL-BNE,365.436475666814,234.707367508015,1.59148371210804,BNE,LAX,1.12115101907818,4776,True
Coryton,Hillport,2023-05-28 14:36:55,0.721110255092798,8,4410,Peter Simmons,Business,Platinum,SYD-MEL,436.380354024733,348.717049891668,-0.30169502122164,SYD,LAX,1.45038391547604,4840,True
Josephview,Port Garyport,2023-04-21 18:22:53,-0.388290137357661,108,7739,Christopher Meyer,Business,Gold,SYD-MEL,304.873939503805,450.676772910957,1.56721218988586,SYD,LAX,1.09474201455536,1486,False
Hardyberg,Valenciachester,2023-05-17 06:51:20,-1.49769052980812,61,6803,Barry Jones,Business,Platinum,SYD-MEL,456.700926521665,186.936810168035,-1.36964199899736,SYD,LHR,0.9000532798446,1659,True
Port Sheenatown,East Melissa,2023-06-04 08:10:31,1.27581045131803,10,8333,Matthew Mcbride,Business,Gold,MEL-BNE,490.702459938888,160.694548178641,1.25168240099758,BNE,SIN,1.4523476011161,4434,True
Michaelbury,Nelsonstad,2023-05-01 01:09:21,-1.49769052980812,75,8457,Eric Lloyd,Business,Gold,BNE-SYD,475.267275684934,232.371794489915,0.887609567664953,BNE,LHR,0.952507399550781,1527,False
East Erica,South Allenbury,2023-04-18 11:47:03,1.27581045131803,71,3432,Brandon Schneider,Business,Silver,MEL-BNE,258.602074695816,113.758162269392,-0.544410243443394,BNE,SIN,0.526549413740856,1417,False
South Bryan,Port Robert,2023-05-01 18:34:25,-1.49769052980812,70,3099,Eric Johnston,First,Platinum,SYD-MEL,254.141172726028,204.97114244648,0.402179123221446,MEL,LHR,1.14437028258096,1510,True
Brianshire,West Alexis,2023-04-26 09:52:36,1.27581045131803,34,7057,Cheryl Lopez,First,Platinum,SYD-MEL,498.549369289982,245.276277047574,1.61575523433021,SYD,LHR,0.53277970321058,4654,True
South Brittany,Fitzgeraldbury,2023-05-21 14:06:26,-1.49769052980812,42,9409,Willie Ferguson,Business,Gold,SYD-MEL,488.541154856854,233.670804390225,1.85847045655197,BNE,SIN,0.901994469251777,1133,False
North Evelynland,Lucasstad,2023-06-16 21:25:28,-0.94299033358289,9,3464,Sarah Norton,Economy,Silver,MEL-BNE,292.56250968585,344.132374579209,1.22741087877541,BNE,LHR,1.06149875568568,2811,False
Thomasshire,Freemanfort,2023-05-23 16:11:47,-0.388290137357661,29,9271,Jorge Mckinney,First,Gold,BNE-SYD,355.940765291071,410.493524512231,0.37790760099927,BNE,LAX,1.31946542859142,3814,False
North Karenstad,Ashleyburgh,2023-04-29 16:55:10,-1.49769052980812,28,5152,Lauren Hanson,Business,Gold,SYD-MEL,404.806369964876,391.297939121657,-0.835668510109498,BNE,LAX,0.94301911390516,329,True
Lindseyton,Lake Jesus,2023-06-02 12:29:21,-0.94299033358289,74,1735,Charles Lutz,Economy,Platinum,BNE-SYD,324.028990677462,453.425705999852,0.0623778121109905,MEL,LHR,1.20263626921395,3361,True
New Guymouth,Jonesborough,2023-06-12 07:56:10,0.166410058867569,48,2957,Rhonda Johnson,Economy,Gold,BNE-SYD,116.490245508172,419.326372102847,1.56721218988586,BNE,LHR,0.890094218667162,4764,False
Wileyland,East Alyssa,2023-04-25 21:17:18,-1.49769052980812,69,9523,Miss Jessica Sharp,First,Gold,BNE-SYD,422.651077421593,239.870442503081,1.68856980099674,BNE,LAX,0.886692701937588,1327,False
North Gregorymouth,Christinaville,2023-04-26 09:13:28,-0.388290137357661,117,3236,Amanda Harris,Business,Platinum,MEL-BNE,131.792926713003,473.96436538662,0.110920856555341,MEL,SIN,1.4398999086981,1221,True
New Ashley,West Victoriaside,2023-05-25 09:33:02,1.27581045131803,96,6638,Mary Barber,Economy,Gold,MEL-BNE,141.558089254742,241.613814913404,-0.811396987887323,MEL,LHR,1.18004819829283,2662,True
Samanthaport,Jeremyport,2023-04-18 03:26:28,-0.388290137357661,77,9245,Keith Strickland,First,Gold,SYD-MEL,218.746171386243,167.734024949295,-0.0589797989998863,MEL,LHR,1.00118897698294,3106,True
South Kimberlyland,North William,2023-05-29 14:50:53,-0.94299033358289,29,5465,Timothy Myers,Economy,Silver,BNE-SYD,302.671136162214,116.254350998083,1.90701350099632,SYD,SIN,1.43743639729217,4295,True
Port Michellefort,East Davidbury,2023-06-06 20:04:42,0.166410058867569,105,7461,Maxwell Cruz,Business,Platinum,SYD-MEL,487.354664172711,241.263142730741,-0.398781110110342,MEL,LAX,1.45866742201664,4161,False
West Vincentchester,North Stevenhaven,2023-05-06 12:36:14,-0.388290137357661,57,3708,Michael Dixon,Business,Platinum,BNE-SYD,150.277724043824,253.982424120074,1.47012610099716,MEL,LHR,1.49250513508077,3832,False
Jonesside,Cookshire,2023-06-16 01:08:38,0.166410058867569,28,8855,Darren Garcia,Business,Platinum,SYD-MEL,375.903401676489,437.595545132205,-0.762853943442972,SYD,SIN,0.838043066257512,1746,False
Lake Alexandrashire,Stephaniefort,2023-06-03 05:48:06,0.721110255092798,47,8228,Teresa Smith,Economy,Silver,SYD-MEL,177.827513181299,101.771760115626,0.402179123221446,MEL,LHR,1.28880739485452,4329,True
Brittneychester,South Patricia,2023-06-07 01:09:54,-1.49769052980812,15,6848,Brittney Swanson,Economy,Silver,SYD-MEL,210.236193241507,275.9633902851,0.208006945444043,BNE,LAX,1.1271118356795,3522,True
South Staceyhaven,West Kenneth,2023-05-19 23:13:31,-1.49769052980812,84,3724,Jessica Johnson,Business,Gold,BNE-SYD,184.330188869736,246.368703005013,-0.520138721221218,BNE,SIN,0.569016727399834,3244,True
Arnoldtown,Morriston,2023-05-22 11:51:34,0.166410058867569,8,8395,Amber Mcclure,First,Gold,SYD-MEL,464.282801476821,199.549449485031,-0.98129764344255,SYD,LAX,0.531338583937885,1484,True
Murrayhaven,Lake Jennifermouth,2023-05-27 21:15:35,-0.94299033358289,7,4142,Lisa Luna,First,Gold,BNE-SYD,457.453579429197,280.391720582279,0.741980434331901,SYD,LHR,1.4830303106517,1328,True
Butlerside,East Morganburgh,2023-06-03 14:46:08,0.721110255092798,1,1017,Jeffrey Turner,Business,Platinum,MEL-BNE,168.629774292612,425.605440233218,0.0866493343331659,SYD,SIN,0.908496204025003,4950,False
Hardyberg,Valenciachester,2023-12-09 09:35:08,-1.57480103080624,30,9862,Robert Lopez,Business,Gold,SYD-MEL,496.676154873654,192.897128073393,-1.56669142948558,SYD,LHR,0.872877655670463,4691,True
East Alejandra,Berryberg,2023-11-20 14:19:39,0.725877689930973,154,9863,Jessica Rafaelyan,Business,Platinum,MEL-BNE,173.731009484074,206.866522355587,-1.38704716447675,BNE,SIN,0.710898419347351,2439,True
Pottsfort,Gutierrezport,2023-05-27 01:01:53,1.14968839854171,38,9864,Mary Brown,First,Platinum,BNE-SYD,321.078846068238,273.619995750757,-0.345499675209759,BNE,LAX,0.776423109986884,2220,True
West Richardmouth,Greenton,2023-04-22 10:59:53,1.39280364423086,6,9865,Susan Martin,First,Gold,SYD-MEL,99.0978065049144,211.044571707852,-0.328489038991717,MEL,LHR,0.862906313116998,2960,False
Lake Stephaniefurt,South Mariaview,2023-04-28 13:30:55,0.178868854110153,126,9866,John Moore,Business,Silver,MEL-BNE,104.921237022564,165.769186713618,0.607824239054577,MEL,LHR,0.783219619639722,537,False
North Debbie,Mollyville,2023-08-14 10:51:03,-0.418470141159236,87,9867,William Jackson,Economy,Gold,SYD-MEL,355.148174846383,380.699792730233,-0.305449715981231,BNE,SIN,0.84794356395048,2140,False
Jonesside,Cookshire,2023-05-26 23:39:09,0.168150286259893,63,9868,Susan Garcia,First,Silver,SYD-MEL,442.462279561459,382.20368179492,-0.748518132407819,SYD,SIN,0.862082282638091,4227,True
Lake Jeremyville,North Lawrencemouth,2023-03-26 07:26:58,0.159115019289711,34,9869,Barbara Rafaelyan,First,Silver,MEL-BNE,328.238076188497,229.143599596021,-0.622430272980834,MEL,LAX,0.933207342874389,17,False
East Alejandra,Berryberg,2023-04-27 12:52:21,0.77848825479588,7,9870,William Thomas,Business,Platinum,MEL-BNE,219.213727442934,251.448151222241,-1.67485016389625,BNE,SIN,0.858215800638048,1499,True
Hernandezmouth,North Shirleyview,2023-09-15 09:41:07,-0.353912599772728,63,9871,Patricia Jackson,First,Platinum,SYD-MEL,392.103320216839,238.514663029741,-0.299187596486262,SYD,LAX,1.29385017035292,1015,False
South Emily,East Jacob,2023-07-24 03:48:05,0.150840006309974,73,9872,Susan Moore,Business,Gold,MEL-BNE,353.654807168456,147.730409405234,-0.140824793541728,MEL,LHR,1.14401073713279,1885,True
Mcdonaldmouth,Ryanfort,2023-10-03 22:33:13,1.2530308088981,99,9873,Robert Brown,Business,Gold,MEL-BNE,426.067852660548,279.077001247346,1.28478595769761,BNE,LHR,0.553871998499511,788,True
Walkerberg,Lake Matthewbury,2023-01-17 08:18:34,1.34924910287122,129,9874,George Brown,First,Platinum,MEL-BNE,499.642525051842,344.739882175501,0.455067679796484,BNE,LAX,1.08838289303551,4064,False
Tiffanychester,Hughesland,2023-12-20 08:43:08,-0.37397070195673,78,9875,Richard Moore,First,Gold,SYD-MEL,461.503877817399,146.81120503162,2.06251587237537,BNE,SIN,1.39878240477874,1153,True
Josephtown,Port Kennethfurt,2023-12-10 01:57:36,1.27424958793364,172,9876,Jennifer Jackson,Business,Platinum,SYD-MEL,139.415776876185,101.389991303013,0.324114277119193,BNE,SIN,0.812476384694544,3787,False
Julianberg,North Brittneychester,2023-06-30 21:34:32,1.32132348663191,92,9877,Patricia Brown,Economy,Gold,MEL-BNE,245.586995551308,422.711559212337,-1.74352803007771,MEL,SIN,0.599321900053624,1783,False
Coxburgh,Levineport,2023-02-04 15:42:23,-0.401162735451482,132,9878,Elizabeth Anderson,Economy,Platinum,BNE-SYD,346.848299383481,241.519515537203,-0.119073054280792,BNE,LHR,0.941181683729992,1561,True
Lindseyton,Lake Jesus,2023-08-12 10:03:31,-0.864363803245589,134,9879,William Martinez,First,Silver,BNE-SYD,379.394582575827,463.335024102619,0.070953424963329,MEL,LHR,1.44225284572444,937,True
Michaelchester,Fullerbury,2023-02-24 09:51:20,0.768918596496662,33,9880,John Martin,Business,Platinum,BNE-SYD,295.746315887268,323.197427803237,-1.0244742203332,MEL,LAX,0.721350641810363,696,False
Port Sheenatown,East Melissa,2023-11-22 04:52:11,1.19004190038587,69,9881,David Gonzalez,First,Platinum,MEL-BNE,558.738418868744,180.574448206322,1.30013977215,BNE,SIN,1.72021791558803,4075,True
Lake Davidshire,Lake Shawn,2023-03-01 09:49:56,-0.407419262588993,179,9882,Patricia Hernandez,Business,Silver,SYD-MEL,431.901849324268,208.005987717514,0.758098990366492,MEL,LHR,1.40127875909133,384,True
South Emily,East Jacob,2023-12-02 13:12:15,0.164559450218506,67,9883,Richard Martin,Business,Silver,MEL-BNE,383.149973620188,148.422751137266,-0.147816064624695,MEL,LHR,0.915020877459167,4930,False
Reyesshire,Rogershaven,2023-05-06 22:22:57,1.22505057056204,96,9884,Michael Lopez,Business,Gold,MEL-BNE,198.350786839011,446.732898611562,-0.0519578552987772,SYD,LHR,1.08768602337368,4120,False
Tiffanychester,Hughesland,2023-12-23 22:21:34,-0.424283546641252,168,9885,Karen Miller,Economy,Silver,SYD-MEL,407.194979716269,204.67464661636,2.05605358179586,BNE,SIN,1.27159460737268,2027,True
Susanberg,South Billy,2023-10-20 23:07:46,-0.971352855900766,100,9886,William Miller,Business,Platinum,MEL-BNE,387.800215855335,524.567523270286,-0.334322593428725,SYD,LHR,1.0032990539708,3909,False
South Emily,East Jacob,2023-01-09 04:48:54,0.166335788867884,169,9887,Karen Johnson,First,Platinum,MEL-BNE,328.407915116901,132.482224973112,-0.116764939646573,MEL,LHR,0.870044799945991,3164,True
Lake Jeremyville,North Lawrencemouth,2023-08-15 00:14:28,0.175702398563713,4,9888,Richard Williams,Business,Silver,MEL-BNE,306.506984885094,319.019356433668,-0.451806836154964,MEL,LAX,0.720869260128811,1353,True
West Vincentchester,North Stevenhaven,2023-01-03 06:39:43,-0.358132590707355,70,9889,Susan Hernandez,Economy,Gold,BNE-SYD,173.296897388406,293.800767159409,1.31725292899383,MEL,LHR,1.70533919706931,4445,False
New Barbara,Lake Matthew,2023-08-11 11:46:04,-0.360977276307663,80,9890,Linda Anderson,Business,Platinum,SYD-MEL,482.434480710901,129.451568788094,-0.978691305187411,BNE,SIN,0.9376780137419,869,True
New Guymouth,Jonesborough,2023-03-20 00:14:48,0.181423757145996,64,9891,Joseph Johnson,Business,Silver,BNE-SYD,119.127056171538,491.410553662558,1.56310684724621,BNE,LHR,0.839127996037132,1108,True
Simpsonstad,New Cathy,2023-10-20 04:55:15,-1.6170806483998,40,9892,Patricia Lopez,Economy,Platinum,BNE-SYD,279.751920262711,390.188282898019,0.213453016483471,BNE,LAX,0.899147125890412,4681,True
Lake Jeremyville,North Lawrencemouth,2023-09-29 08:17:07,0.164212797297085,102,9893,Charles Rafaelyan,Business,Platinum,MEL-BNE,342.161914309658,280.174777722909,-0.515545179888963,MEL,LAX,0.908526973451523,4078,False
Samanthaport,Jeremyport,2023-11-14 19:53:15,-0.383195412373306,106,9894,Thomas Miller,Economy,Gold,SYD-MEL,250.181113220256,143.969348678868,-0.0515019424216421,MEL,LHR,1.04681022214052,4079,False
Flowersburgh,East Justin,2023-01-10 19:40:24,0.729453071609318,56,9895,Jessica Moore,Business,Gold,SYD-MEL,266.376542852189,311.611052188535,-1.14171965843035,BNE,LHR,0.798548785533275,2175,True
East Francesborough,Port Kristi,2023-08-11 21:21:07,1.20909113416855,18,9896,Thomas Jones,Business,Platinum,SYD-MEL,449.857420360663,291.478510614382,-1.42934519352084,BNE,LHR,0.618692895288225,981,True
Marymouth,Port Patriciaton,2023-08-21 04:07:54,0.173499300837151,102,9897,Patricia Johnson,First,Platinum,MEL-BNE,181.173974159061,373.11556580764,-0.0289013331539696,MEL,SIN,1.0272423789059,4014,False
East Thomasland,North Jennifershire,2023-06-30 21:57:27,1.21745899799809,74,9898,William Miller,Economy,Silver,MEL-BNE,116.973678595738,113.08482377721,-1.28273922388101,MEL,LHR,0.455039544870246,3846,True
New Barbara,Lake Matthew,2023-12-07 08:51:25,-0.364720346308864,1,9899,Linda Gonzalez,Economy,Platinum,SYD-MEL,470.904157805332,190.421236641147,-0.956266499816385,BNE,SIN,0.936622073341152,1563,False
North Debbie,Mollyville,2023-05-06 09:11:25,-0.352474894702974,27,9900,Karen Lopez,Economy,Platinum,SYD-MEL,449.900673642091,517.166637271262,-0.246903880541464,BNE,SIN,1.07888942974116,4950,True
Owenborough,Kelleymouth,2023-10-01 10:16:12,-0.39690525806865,106,9901,Thomas Jones,Business,Gold,BNE-SYD,420.944917294292,341.629144442584,-0.652808054591836,BNE,SIN,1.14002504462493,3521,True
Lake Alexandrashire,Stephaniefort,2023-08-08 04:55:34,0.735604942750431,151,9902,Richard Martin,Economy,Silver,SYD-MEL,177.765206099375,97.6929323787554,0.409195925430893,MEL,LHR,1.32805118371879,2423,False
New Brent,Port Wanda,2023-01-06 08:53:18,1.28257274299021,97,9903,Thomas Jackson,Economy,Platinum,BNE-SYD,92.8727808547078,377.178524923115,-0.864595771181571,MEL,SIN,1.48606280816328,536,False
Lake Alexandrashire,Stephaniefort,2023-08-07 02:09:29,0.777997022441596,150,9904,Sarah Rafaelyan,Business,Silver,SYD-MEL,187.464877939628,96.756289544805,0.474722487942852,MEL,LHR,1.19813375127925,298,False
North Lorifurt,Johnsontown,2023-09-05 21:58:44,1.21500633933772,168,9905,Patricia Lopez,Economy,Gold,BNE-SYD,375.683735504924,443.60330418013,1.54315646140252,MEL,LAX,0.740996750021077,4141,False
Butlerside,East Morganburgh,2023-03-16 16:57:48,0.680110584671228,160,9906,Mary Gonzalez,Economy,Gold,MEL-BNE,138.47459883707,347.152168105755,0.0936209457559391,SYD,SIN,0.931372822451641,417,False
Hardyberg,Valenciachester,2023-07-14 11:41:57,-1.51018010268171,72,9907,Thomas Davis,Business,Silver,SYD-MEL,377.939110695435,197.417391618074,-1.50049246794311,SYD,LHR,1.0656107829339,1367,True
Josephtown,Port Kennethfurt,2023-09-23 22:50:31,1.35024024653527,44,9908,David Rodriguez,Economy,Gold,SYD-MEL,161.35977659871,89.4286290722261,0.35661556107681,BNE,SIN,0.79295773912622,3970,True
West Randyton,West Dannyport,2023-09-22 14:05:33,0.165598767142199,171,9909,Jessica Davis,First,Platinum,BNE-SYD,281.825043990956,131.979808885141,1.62412580741327,BNE,LHR,1.34798713796341,1135,True
Thomasshire,Freemanfort,2023-03-09 19:13:34,-0.388104122283156,51,9910,Jessica Brown,Economy,Platinum,BNE-SYD,291.316913058777,389.437405692591,0.401689245954514,BNE,LAX,1.2410380483192,2025,True
East Laura,New Jenniferfurt,2023-01-15 00:46:24,-1.48000505842884,20,9911,Jennifer Hernandez,First,Gold,SYD-MEL,137.973707358083,248.312363311502,1.41662714347804,MEL,LHR,0.945059030360905,3348,False
West Nicoleland,Vasquezhaven,2023-06-26 08:01:53,1.27022977862496,68,9912,David Garcia,Economy,Platinum,BNE-SYD,197.675020664598,395.180929023114,-0.737255665777098,SYD,LHR,0.775754777520654,2459,True
Murrayhaven,Lake Jennifermouth,2023-01-06 17:51:44,-0.942349130586486,44,9913,Robert Anderson,First,Silver,BNE-SYD,452.020835073325,310.933145808974,0.834537936547677,SYD,LHR,1.50348468072675,1686,True
Lake Stephaniefurt,South Mariaview,2023-09-27 15:48:14,0.179500396964246,55,9914,Thomas Lopez,Business,Silver,MEL-BNE,105.693389777244,135.416124038155,0.676429849704743,MEL,LHR,0.816429968532992,3462,False
Jessicaburgh,West Richard,2023-04-19 08:00:24,1.32692894652787,13,9915,Jennifer Johnson,Economy,Gold,SYD-MEL,208.984957629743,408.349769912681,-1.30282576782227,SYD,SIN,1.03811819198535,2568,True
Wandaborough,West Michael,2023-03-30 22:53:49,-0.404230430666036,0,9916,John Davis,Business,Platinum,BNE-SYD,253.720512397831,359.546121661903,2.27348637978428,BNE,LAX,0.707502998946895,771,True
Port Matthewshire,Weaverberg,2023-10-04 18:02:14,-1.49057049974571,177,9917,Richard Rodriguez,Economy,Gold,BNE-SYD,173.63168257858,383.262781631186,-0.0107845220943546,BNE,SIN,0.928915235504219,4321,True
Julianberg,North Brittneychester,2023-09-19 18:37:30,1.3447848503229,157,9918,Robert Johnson,Economy,Silver,MEL-BNE,337.833138417214,368.199161790134,-1.25274255433632,MEL,SIN,0.783051218647116,747,True
New Guymouth,Jonesborough,2023-05-16 15:28:04,0.179400539813197,12,9919,Robert Gonzalez,Economy,Platinum,BNE-SYD,106.814519507594,399.892007624931,1.81285608251241,BNE,LHR,0.975087343703377,4113,False
Port Cory,Russellberg,2023-05-24 13:28:33,1.1725114986448,72,9920,Jessica Davis,Business,Silver,MEL-BNE,353.332751638833,211.706604121211,1.85320103403162,BNE,LAX,1.29410174285916,4966,False
Michaelbury,Nelsonstad,2023-06-03 07:33:08,-1.41122223366896,106,9921,Karen Taylor,Economy,Silver,BNE-SYD,480.750452859643,189.18181618824,0.814125339103028,BNE,LHR,0.859817933993329,1174,True
Port Angela,Grahamburgh,2023-08-19 07:54:14,-1.35046708274488,14,9922,Thomas Wilson,Economy,Gold,BNE-SYD,526.105814902079,340.751376441765,0.0778972194159384,BNE,LHR,0.624413171252807,3501,False
East Erica,South Allenbury,2023-03-19 08:53:46,1.3995088820238,104,9923,Charles Jackson,First,Silver,MEL-BNE,246.991963591394,99.8205952656623,-0.571834303254743,BNE,SIN,0.44269435914749,1981,True
Lake Davidshire,Lake Shawn,2023-06-10 19:21:05,-0.425165136996148,57,9924,Karen Thomas,Economy,Silver,SYD-MEL,433.618388015972,208.6512848853,0.831704835499123,MEL,LHR,1.26698701114619,2702,True
Coxburgh,Levineport,2023-06-21 00:04:13,-0.350556349885589,36,9925,Susan Gonzalez,Economy,Gold,BNE-SYD,382.927995923674,252.458313508233,-0.117321655734732,BNE,LHR,0.987268798608199,2268,False
Brittneychester,South Patricia,2023-10-05 22:53:53,-1.51387132051466,93,9926,Mary Hernandez,Economy,Silver,SYD-MEL,233.846428932274,321.641460754859,0.202266857860724,BNE,LAX,1.20667276257301,2778,False
East Alejandra,Berryberg,2023-03-10 08:45:47,0.789054896013081,55,9927,Mary Rafaelyan,First,Gold,MEL-BNE,178.010679138262,176.603003809972,-1.36173058630165,BNE,SIN,0.67760809129836,2926,True
Gregville,East John,2023-12-20 06:34:21,0.686674628899316,71,9928,Susan Rafaelyan,Business,Platinum,MEL-BNE,320.827443414763,179.789360440082,-0.46530124518342,SYD,LAX,1.74020212913768,4997,True
Michaelbury,Nelsonstad,2023-03-28 10:21:10,-1.53064444289982,47,9929,Joseph Davis,First,Platinum,BNE-SYD,448.44729088066,255.130086787958,0.998099323435098,BNE,LHR,0.987601779562429,1897,True
Lake Stephaniefurt,South Mariaview,2023-07-18 18:23:57,0.164604559051312,106,9930,Jessica Williams,Business,Silver,MEL-BNE,126.8467495909,134.340481924291,0.667481457769802,MEL,LHR,0.825733233671277,122,False
New Josephmouth,South Denisestad,2023-10-26 00:54:29,-1.00959750451921,72,9931,Linda Miller,First,Platinum,MEL-BNE,243.383050946312,147.545465248445,-0.535857254373604,SYD,LHR,1.08103192304504,1564,True
Reyesshire,Rogershaven,2023-08-09 14:41:23,1.2933595331737,4,9932,Sarah Martinez,Business,Silver,MEL-BNE,156.223248144991,360.617245137832,-0.0527389446234516,SYD,LHR,0.980898003207,1293,False
Owenborough,Kelleymouth,2023-09-22 03:01:11,-0.38390574904876,108,9933,Jennifer Davis,Business,Silver,BNE-SYD,385.512532478767,444.08183385078,-0.680633645798728,BNE,SIN,1.37714762404016,4340,False
New Guymouth,Jonesborough,2023-02-26 05:43:49,0.167953240069658,117,9934,Mary Martin,Economy,Gold,BNE-SYD,126.951510741792,460.413870695084,1.66106184164436,BNE,LHR,0.750272985199537,3685,True
Port Matthewshire,Weaverberg,2023-09-28 02:38:26,-1.43923336550891,157,9935,Thomas Johnson,Business,Gold,BNE-SYD,120.522078650347,455.991975496619,-0.0092386618066408,BNE,SIN,1.00740103932985,4670,True
Julianberg,North Brittneychester,2023-01-29 23:04:30,1.20595976853306,71,9936,Sarah Moore,Business,Gold,MEL-BNE,237.553657634327,408.516556539932,-1.23342542166558,MEL,SIN,0.765168709602474,1907,False
Walkerberg,Lake Matthewbury,2023-11-29 08:56:35,1.28313946409789,169,9937,David Jones,Economy,Gold,MEL-BNE,525.713442601045,304.817389092995,0.461720609403551,BNE,LAX,0.870208317721994,1217,True
Williamsville,East Connie,2023-11-29 07:51:18,-0.887723723208395,116,9938,Mary Martin,Economy,Gold,MEL-BNE,162.4392416509,87.5245407336554,-0.308281138725561,SYD,LAX,0.783455050863468,4459,False
South Emily,East Jacob,2023-10-29 11:28:29,0.172241655609784,39,9939,Karen Miller,Economy,Silver,MEL-BNE,433.483301036514,166.040783731573,-0.142649897009029,MEL,LHR,1.0438130634663,1923,True
Martinezborough,Johnfurt,2023-08-01 04:14:01,-1.49087901321764,111,9940,Sarah Wilson,First,Platinum,BNE-SYD,173.647354937353,236.753950512367,0.927768766293726,MEL,SIN,0.653316359052722,2069,False
South Kimberlyland,North William,2023-02-18 05:59:25,-0.901406171978022,149,9941,George Hernandez,Economy,Platinum,BNE-SYD,280.516618546787,107.90502788993,2.11498162397219,SYD,SIN,1.43319549656527,90,True
New Brent,Port Wanda,2023-03-15 19:36:11,1.25683727378056,53,9942,George Gonzalez,Business,Platinum,BNE-SYD,118.969675645953,412.744437480442,-1.03766464424569,MEL,SIN,1.45317614912571,33,True
South Deborah,New Kathrynburgh,2023-12-22 09:34:35,0.181960146861474,13,9943,George Wilson,Business,Silver,MEL-BNE,215.119840831072,398.793411554452,-1.75694774648941,SYD,SIN,0.862563843089287,1508,False
Josephtown,Port Kennethfurt,2023-06-21 12:34:30,1.22467029190689,113,9944,Thomas Miller,Economy,Platinum,SYD-MEL,133.9630137867,127.639284475613,0.371783116839761,BNE,SIN,0.954032265684122,2580,False
North Debbie,Mollyville,2023-03-26 18:06:14,-0.414772056991107,85,9945,William Rafaelyan,Business,Silver,SYD-MEL,357.179980381455,484.194056058151,-0.26008336162181,BNE,SIN,1.09582104380998,4731,True
Josephtown,Port Kennethfurt,2023-06-14 17:14:48,1.27447725348823,16,9946,Michael Rafaelyan,First,Silver,SYD-MEL,172.749775311225,92.1725687951247,0.358960607247143,BNE,SIN,0.801620538548605,2080,False
New Christopher,Kevinhaven,2023-05-07 01:20:27,0.73946181943488,136,9947,Mary Johnson,Business,Platinum,SYD-MEL,370.44130645719,92.4217937980308,0.346634758411688,SYD,LAX,1.12191793221125,1685,True
Simpsonstad,New Cathy,2023-12-03 08:27:48,-1.56108470107587,45,9948,Linda Lopez,Business,Platinum,BNE-SYD,246.015213582581,394.231353808247,0.225874339979199,BNE,LAX,1.00028509473249,2882,True
North Karenstad,Ashleyburgh,2023-08-31 01:33:14,-1.63525460549503,134,9949,Richard Taylor,First,Gold,SYD-MEL,470.381600915933,354.872229281052,-0.800317584856447,BNE,LAX,1.04175218606733,3764,False
Edwardsbury,Cassandramouth,2023-07-08 02:49:59,-0.409147187478414,88,9950,Susan Jones,Business,Platinum,MEL-BNE,292.139099342072,332.435307683823,1.21825747063506,MEL,LAX,0.481856028814844,1504,False
Arnoldtown,Morriston,2023-12-12 19:13:15,0.161002237975832,162,9951,Karen Anderson,Economy,Silver,SYD-MEL,414.335767324699,222.54937913055,-1.13848629750972,SYD,LAX,0.570211300708832,1834,False
North Lorifurt,Johnsontown,2023-03-18 17:09:59,1.3984763663055,131,9952,Sarah Williams,Business,Silver,BNE-SYD,441.98651817936,517.531365666618,1.50381263055378,MEL,LAX,0.985356449810899,2497,False
Port Robert,Morenofort,2023-01-12 03:44:38,0.156781322765717,98,9953,William Rodriguez,Business,Platinum,MEL-BNE,516.100582514461,397.285285019236,1.03827265252847,BNE,SIN,1.23734166068527,4841,True
Marymouth,Port Patriciaton,2023-01-12 10:12:58,0.169155639013166,2,9954,Jennifer Hernandez,Economy,Gold,MEL-BNE,161.935635513041,360.891017649328,-0.0411232647550232,MEL,SIN,1.1133515871771,2953,False
Michaelchester,Fullerbury,2023-06-26 05:45:13,0.694167218657113,156,9955,Thomas Jones,Economy,Platinum,BNE-SYD,257.804462228775,428.946950997921,-0.860604690826815,MEL,LAX,0.761751975723453,646,True
Butlerside,East Morganburgh,2023-10-20 15:21:20,0.676618995980323,46,9956,Karen Anderson,Economy,Silver,MEL-BNE,198.231971205855,394.224060369347,0.0762541999717867,SYD,SIN,1.03455241095333,309,False
East Thomasland,North Jennifershire,2023-02-25 16:52:24,1.22657784945579,108,9957,Mary Wilson,Business,Platinum,MEL-BNE,108.216568497212,130.727872854617,-1.40646129262928,MEL,LHR,0.48656534876425,3285,False
Gregorystad,Hamiltonburgh,2023-08-22 03:07:11,-1.50087699193892,128,9958,Charles Garcia,First,Gold,MEL-BNE,224.925197761305,194.822381010773,-1.29374876898972,MEL,SIN,1.03679561291806,41,True
Josephview,Port Garyport,2023-11-08 08:06:12,-0.365759154814022,110,9959,John Brown,Economy,Gold,SYD-MEL,319.135759081633,515.717101720951,1.25756924673574,SYD,LAX,1.07253016672131,3683,False
Flowersburgh,East Justin,2023-10-01 02:34:06,0.75532341599304,38,9960,Michael Taylor,First,Gold,SYD-MEL,344.844269870235,302.500314757428,-0.922191473110063,BNE,LHR,0.640616301814158,1885,True
Stevenville,Nicholasberg,2023-03-12 22:33:31,0.166294602152397,97,9961,Robert Martinez,First,Silver,MEL-BNE,510.499317343266,277.336129411834,-1.20268620954942,BNE,LHR,1.69616151994656,4267,True
Port Cory,Russellberg,2023-11-06 03:24:22,1.14858636727334,135,9962,George Taylor,Business,Platinum,MEL-BNE,297.905190670768,278.414400408451,1.772404255921,BNE,LAX,1.25971248809849,4895,True
Martinezborough,Johnfurt,2023-04-06 09:22:27,-1.36865833376865,100,9963,Joseph Wilson,Business,Silver,BNE-SYD,159.760676959438,296.902520301296,0.888546929803366,MEL,SIN,0.689222335604373,1557,True
Ericaton,Scottbury,2023-06-24 12:02:40,0.153906239877188,40,9964,William Taylor,First,Gold,SYD-MEL,378.052033443423,506.904556849975,0,SYD,SIN,0.992634174514692,2309,False
Cobbshire,Port Johnport,2023-12-10 17:37:02,0.155576203881951,58,9965,Elizabeth Lopez,First,Silver,BNE-SYD,343.376288366885,323.26883400141,0.194485618294147,SYD,LHR,1.10819014176361,543,True
Lake Gracefurt,Jamesberg,2023-01-20 21:01:06,-0.87404876701247,153,9966,Robert Lopez,Economy,Silver,BNE-SYD,317.244111928442,334.119314931314,-0.62410810380777,MEL,LAX,1.30631435016304,3425,True
Lindseyton,Lake Jesus,2023-08-14 16:32:38,-0.893806778525421,24,9967,John Martin,Economy,Silver,BNE-SYD,307.753728583128,416.349696783305,0.0503630805325902,MEL,LHR,1.24990973429391,1039,False
New Ashley,West Victoriaside,2023-08-03 03:42:09,1.2247557711761,112,9968,Jennifer Martinez,Economy,Silver,MEL-BNE,151.875059856853,214.351735012914,-0.858882866677159,MEL,LHR,1.36993151440154,4812,False
Martinezborough,Johnfurt,2023-04-22 02:41:50,-1.44866818019283,151,9969,Susan Brown,First,Gold,BNE-SYD,171.840983864559,265.037053785169,0.7871898348901,MEL,SIN,0.644342704254713,881,True
North Gregorymouth,Christinaville,2023-09-21 22:54:01,-0.355368278007842,141,9970,Joseph Williams,Economy,Silver,MEL-BNE,112.530839398872,519.51287922733,0.117334969154204,MEL,SIN,1.25986659265598,4364,True
North Lorifurt,Johnsontown,2023-10-28 01:42:42,1.19438612356465,109,9971,Jessica Brown,First,Platinum,BNE-SYD,379.12784394498,406.348747510205,1.24937673512354,MEL,LAX,0.938492085989902,919,True
Jameshaven,East Lauren,2023-07-18 11:25:31,1.19746612676214,10,9972,Elizabeth Rodriguez,Business,Gold,MEL-BNE,107.333223611116,260.534487057919,0.587444108832447,MEL,LAX,1.25230724696866,3401,False
Stevenville,Nicholasberg,2023-08-30 14:48:55,0.168163981632855,9,9973,Charles Anderson,Economy,Platinum,MEL-BNE,454.845418288653,289.934551977261,-0.989793779785831,BNE,LHR,1.64912103795392,1916,True
Port Sheenatown,East Melissa,2023-06-05 23:02:51,1.34045671353241,6,9974,Mary Jones,Economy,Platinum,MEL-BNE,505.305165242962,137.292633193278,1.01959622332662,BNE,SIN,1.25955040357302,2184,True
Marymouth,Port Patriciaton,2023-08-14 10:39:56,0.151780223128193,148,9975,Richard Lopez,Economy,Gold,MEL-BNE,212.501053986141,410.762720269246,-0.0352134490180393,MEL,SIN,1.15660446093145,1785,True
Murrayhaven,Lake Jennifermouth,2023-08-04 14:05:10,-0.903294281658011,39,9976,David Johnson,Business,Platinum,BNE-SYD,419.731644850136,279.018504566001,0.633669084131057,SYD,LHR,1.42802850973932,1195,True
South Brenda,Nicholsshire,2023-09-28 05:51:17,0.662721268571492,127,9977,Linda Taylor,First,Gold,BNE-SYD,318.453300823222,200.499391919968,-1.3126302533044,SYD,LHR,1.60969828610561,1920,True
Michaelchester,Fullerbury,2023-07-10 18:49:47,0.665703950077216,167,9978,Jennifer Anderson,Economy,Gold,BNE-SYD,296.13458487629,375.166207602381,-1.009607001643,MEL,LAX,0.641982280260437,2721,False
Aprilchester,North Jeffreyside,2023-03-24 02:03:08,0.729397602858517,15,9979,Elizabeth Garcia,Economy,Platinum,MEL-BNE,149.970648002664,153.515910659342,-1.39527317111233,BNE,LAX,1.07832226232732,4091,True
South Deborah,New Kathrynburgh,2023-02-13 01:30:16,0.161476764928052,176,9980,Richard Martinez,First,Silver,MEL-BNE,227.448738578077,290.206538086284,-1.75462289149736,SYD,SIN,0.762932672038808,2515,True
South Kimberlyland,North William,2023-04-15 19:00:13,-1.03699717189532,144,9981,Elizabeth Thomas,Business,Gold,BNE-SYD,285.035297942358,98.5312182756509,1.90581228430031,SYD,SIN,1.64082376642801,2985,True
Arnoldtown,Morriston,2023-09-05 10:43:17,0.157934646218037,159,9982,Jessica Jackson,Business,Silver,SYD-MEL,555.063827404105,210.75969615736,-1.0285979581543,SYD,LAX,0.604906578587007,3126,True
Lake Randyland,Jacquelineland,2023-12-09 00:18:06,-1.35463164099476,49,9983,Robert Martin,Economy,Gold,SYD-MEL,251.520113886799,261.824620172557,0.169002896035145,SYD,LHR,1.58360866839715,1306,True
Brianshire,West Alexis,2023-09-14 04:55:16,1.37435342795415,122,9984,Karen Brown,First,Silver,SYD-MEL,421.40533753675,292.966760625817,1.71775258904567,SYD,LHR,0.515131157782853,3743,True
South Samanthaberg,Lake Meganside,2023-05-27 16:18:24,0.66506687677922,161,9985,Karen Davis,Economy,Gold,MEL-BNE,158.327821185168,390.40390070969,1.74265938107018,MEL,LAX,1.09069482326747,1380,False
East Erica,South Allenbury,2023-03-22 22:56:06,1.2096943264022,3,9986,John Taylor,First,Gold,MEL-BNE,236.48355651201,94.7175465540658,-0.549653843647318,BNE,SIN,0.60100061377814,195,True
Cobbshire,Port Johnport,2023-08-15 21:51:19,0.163601520596138,171,9987,Jessica Garcia,Business,Silver,BNE-SYD,364.104662011263,388.484535358865,0.239788619701135,SYD,LHR,1.28751223467649,2925,True
Wilsonstad,Lake Johnmouth,2023-11-09 15:58:47,1.30260511200388,110,9988,George Wilson,Business,Silver,MEL-BNE,400.451074843676,412.412508173314,-0.819033350563737,MEL,LHR,0.691645711648494,881,True
Owenborough,Kelleymouth,2023-03-01 08:40:15,-0.410722215947021,63,9989,Barbara Martinez,Economy,Silver,BNE-SYD,370.167260207763,440.013326334348,0,BNE,SIN,1.04482538567383,1939,True
Jessicaburgh,West Richard,2023-02-11 05:47:50,1.20724067614317,21,9990,Karen Lopez,First,Silver,SYD-MEL,280.53003890291,464.968140661812,-1.17443652134348,SYD,SIN,0.943967212202486,745,True
Coryton,Hillport,2023-02-18 04:35:08,0.673236525729762,10,9991,Richard Anderson,First,Silver,SYD-MEL,364.501997133531,331.363223288467,-0.258112800926828,SYD,LAX,1.36110939450488,3698,True
Jonesside,Cookshire,2023-10-02 14:13:42,0.168425109707556,56,9992,Mary Williams,Economy,Platinum,SYD-MEL,412.563769019861,507.448453795538,-0.847673238109277,SYD,SIN,0.872386517653867,3838,True
North Gregorymouth,Christinaville,2023-08-11 16:45:21,-0.409560511970098,33,9993,Sarah Miller,Business,Gold,MEL-BNE,128.51331919249,560.404748201088,0.0987737812512548,MEL,SIN,1.4036130115836,575,True
New Barbara,Lake Matthew,2023-05-17 18:23:10,-0.413254140406063,154,9994,Jessica Rafaelyan,Business,Platinum,SYD-MEL,356.409717215107,140.848137391886,-0.918742755220258,BNE,SIN,1.34143898652997,4219,True
Coxburgh,Levineport,2023-01-02 18:20:21,-0.409164126378314,154,9995,Thomas Gonzalez,Economy,Gold,BNE-SYD,442.195587861011,198.051558464307,-0.128607210338489,BNE,LHR,1.32205785077741,907,True
Sandramouth,Rogersfort,2023-02-23 01:39:17,-1.52072194891135,8,9996,Barbara Garcia,First,Silver,BNE-SYD,300.79607832944,244.057345775115,-0.736199819976076,SYD,SIN,0.964070794966548,335,True
Lake Stephaniefurt,South Mariaview,2023-05-17 03:19:13,0.153091982469543,89,9997,Michael Anderson,Business,Silver,MEL-BNE,136.468596862391,139.678906637117,0.556495629960249,MEL,LHR,0.770896643713018,2930,False
West Richardmouth,Greenton,2023-05-22 10:16:20,1.38169345488067,178,9998,Charles Gonzalez,First,Silver,SYD-MEL,113.227876074739,231.820433482127,-0.303408944740258,MEL,LHR,0.927024615024908,2489,True
Hernandezmouth,North Shirleyview,2023-01-17 01:14:37,-0.406444013496294,101,9999,Susan Martin,Economy,Platinum,SYD-MEL,350.113157710316,199.700523885402,-0.280222726922021,SYD,LAX,1.40562580326284,3465,False
Lake Billyland,Loganchester,2023-04-22 01:36:30,1.27272942494714,156,10000,Joseph Davis,Business,Gold,MEL-BNE,190.425000566768,361.439416089865,-1.62955483399566,BNE,LAX,1.11062803200434,4043,True
South Deborah,New Kathrynburgh,2023-07-22 10:06:46,0.167147746417638,76,10001,John Garcia,First,Gold,MEL-BNE,186.100138931773,290.805604523923,-1.4675593674182,SYD,SIN,0.944402544389046,3222,False
Josephview,Port Garyport,2023-08-09 20:08:52,-0.386739299205696,152,10002,Robert Rafaelyan,Business,Platinum,SYD-MEL,292.859262333726,494.051748118629,1.39377615308859,SYD,LAX,1.30129232315838,113,True
Port Edgar,Aliciaview,2023-04-10 18:04:18,-0.402321403399033,40,10003,Linda Thomas,First,Silver,BNE-SYD,246.172972565835,466.618272794585,-1.11798622633885,MEL,SIN,1.00768275301135,884,False
Kennedyfort,South Amy,2023-11-29 04:12:19,0.738134922410874,4,10004,Michael Thomas,Economy,Gold,BNE-SYD,315.787256707276,274.581291734916,1.69445691277237,BNE,SIN,0.96139842836485,2195,False
Williamsville,East Connie,2023-04-27 06:45:40,-0.913034181552713,107,10005,Elizabeth Jackson,First,Silver,MEL-BNE,205.269331273742,82.0925545343549,-0.28266185478185,SYD,LAX,0.655476654054144,1838,False
New Sarashire,West Graceside,2023-05-12 17:44:18,0.177027204983606,54,10006,Karen Johnson,First,Platinum,SYD-MEL,417.72108061088,250.625493233216,-0.335034048893226,SYD,SIN,0.641556539489778,1184,True
South Brenda,Nicholsshire,2023-06-04 02:18:49,0.656916288875915,104,10007,Mary Thomas,First,Gold,BNE-SYD,318.947995558223,164.401167476097,-1.21307874174762,SYD,LHR,1.69699510428343,4507,False
Butlerside,East Morganburgh,2023-09-01 00:30:17,0.751246295849817,108,10008,Jennifer Moore,Business,Silver,MEL-BNE,148.502370057463,432.683049637626,0,SYD,SIN,0.781002528203902,3295,True
Port Edgar,Aliciaview,2023-10-18 01:42:01,-0.411588672377191,123,10009,Thomas Jackson,First,Gold,BNE-SYD,281.232047520364,432.566449701635,-1.27454091496643,MEL,SIN,0.862729240607049,1545,False
South Samanthaberg,Lake Meganside,2023-05-16 02:51:29,0.77266305654683,167,10010,Susan Davis,First,Silver,MEL-BNE,133.569302937323,562.195152396308,1.51469850616817,MEL,LAX,1.25507441388934,3561,True
Port Sheenatown,East Melissa,2023-08-13 00:14:38,1.23168995967892,102,10011,Michael Jones,First,Platinum,MEL-BNE,550.227825710045,146.58923827518,1.06340599558282,BNE,SIN,1.6676835327951,4718,False
Cobbshire,Port Johnport,2023-06-17 18:03:26,0.154427525185407,126,10012,Linda Hernandez,Business,Silver,BNE-SYD,357.848300393715,331.266889319125,0.265931560074713,SYD,LHR,1.01982088812877,761,True
Cobbshire,Port Johnport,2023-06-17 11:06:42,0.168562559256815,74,10013,Jennifer Miller,Economy,Silver,BNE-SYD,279.924622851989,325.120701791548,0.249171561942406,SYD,LHR,1.21782605453504,2049,True
Lindseyton,Lake Jesus,2023-01-17 12:01:20,-0.898051536853047,94,10014,John Davis,Economy,Silver,BNE-SYD,320.148766489007,489.551544445011,0.0604176474632738,MEL,LHR,1.24652093895404,4660,True
Michaelbury,Nelsonstad,2023-10-11 00:53:29,-1.39775125025571,111,10015,Jessica Jones,Economy,Silver,BNE-SYD,504.115801077967,248.710298156482,0.829140309317264,BNE,LHR,0.992777723739695,2540,True
Hernandezmouth,North Shirleyview,2023-07-15 17:03:20,-0.356169385529511,106,10016,David Miller,Business,Silver,SYD-MEL,400.7509879802,202.249636785972,-0.223783146239421,SYD,LAX,1.66688868983683,2105,False
East David,South Nicholasville,2023-05-27 05:52:32,-0.364952054264151,157,10017,John Hernandez,Business,Gold,SYD-MEL,208.595406117091,410.438830128817,0.0145190478010117,SYD,SIN,1.43512273158767,20,True
Port Cory,Russellberg,2023-02-25 16:22:32,1.10731722411807,13,10018,Elizabeth Jackson,First,Silver,MEL-BNE,313.435606045993,231.607883637653,1.58359100184122,BNE,LAX,1.37408133564229,93,False
East Lori,Gallowaychester,2023-10-31 19:01:07,1.22232535382,69,10019,Karen Martinez,Economy,Gold,MEL-BNE,290.880011577616,493.198514163835,-0.33784730422536,SYD,LHR,0.873647257963479,1996,True
Coxburgh,Levineport,2023-04-17 23:22:31,-0.407152813203092,104,10020,Joseph Davis,Business,Platinum,BNE-SYD,426.194824967193,215.80356486285,-0.130614405626235,BNE,LHR,1.10601752178341,2619,True
Lake Gracefurt,Jamesberg,2023-07-04 02:24:06,-0.934352144523351,143,10021,Karen Davis,Economy,Gold,BNE-SYD,271.69589354002,319.162701071323,-0.57958305880372,MEL,LAX,1.27767291740051,3327,True
Brittneychester,South Patricia,2023-08-03 07:10:32,-1.53340241267199,45,10022,Charles Jackson,Economy,Platinum,SYD-MEL,257.691036111184,293.071573817111,0.185601190281399,BNE,LAX,1.37205381309447,1395,False
Port Angela,Grahamburgh,2023-03-21 03:22:59,-1.29127347100697,24,10023,George Martin,Economy,Platinum,BNE-SYD,576.181676922429,384.065533660446,0.087074089257618,BNE,LHR,0.644772452150505,391,False
Lindseyton,Lake Jesus,2023-04-08 18:00:28,-0.954016079616967,93,10024,Michael Taylor,Business,Gold,BNE-SYD,278.789628700459,393.181919479222,0.056678368693383,MEL,LHR,1.46409440180896,3743,False
Michaelbury,Nelsonstad,2023-06-15 21:44:51,-1.37418475332036,133,10025,Richard Rafaelyan,Business,Gold,BNE-SYD,383.138567394834,257.940229819747,0.943042421772953,BNE,LHR,0.998625017212119,4786,True
Gregorystad,Hamiltonburgh,2023-07-28 13:51:21,-1.61077822751115,108,10026,Susan Martinez,First,Gold,MEL-BNE,215.022423837304,184.506553510778,-1.38231554167563,MEL,SIN,1.16659124864339,3255,True
Sandramouth,Rogersfort,2023-05-28 07:45:03,-1.5300330650099,165,10027,Mary Lopez,First,Silver,BNE-SYD,296.275067782548,268.66001612091,-0.667955479808869,SYD,SIN,1.086429817365,1216,True
South Deborah,New Kathrynburgh,2023-08-30 08:13:04,0.159856673438433,105,10028,Jessica Davis,Business,Platinum,MEL-BNE,245.304489928096,374.727570297945,-1.35290869483449,SYD,SIN,0.911760183664183,46,False
North Karenstad,Ashleyburgh,2023-03-29 19:36:14,-1.59113637393147,162,10029,Thomas Taylor,First,Platinum,SYD-MEL,424.369883326718,435.26196152292,-0.897503920902988,BNE,LAX,0.959947778456569,3375,False
South Emily,East Jacob,2023-11-03 22:25:17,0.169971072097961,131,10030,Barbara Hernandez,Business,Platinum,MEL-BNE,411.889363993702,167.117861485319,-0.11946254232747,MEL,LHR,1.02959417419178,1709,True
Wileyland,East Alyssa,2023-08-23 08:50:38,-1.36493608724285,130,10031,Karen Garcia,Business,Silver,BNE-SYD,390.089072663524,215.155516445944,1.45898333010451,BNE,LAX,0.869850088088516,2386,True
South Samanthaberg,Lake Meganside,2023-08-17 02:52:13,0.716359612222897,50,10032,George Martin,Business,Gold,MEL-BNE,126.990897947823,543.764001223431,1.45805147072584,MEL,LAX,1.04217918246947,2487,False
Coryton,Hillport,2023-03-08 13:18:22,0.633471194972918,134,10033,Sarah Garcia,First,Silver,SYD-MEL,332.037728164386,375.866478801737,-0.328082060218755,SYD,LAX,1.22254100127763,809,True
North Lorifurt,Johnsontown,2023-06-25 10:36:22,1.29604955361473,146,10034,Mary Jones,First,Silver,BNE-SYD,322.836503673281,372.586030417986,1.14997459002102,MEL,LAX,0.93274020999877,4356,False
Cobbshire,Port Johnport,2023-05-24 05:35:25,0.148091689097519,86,10035,Patricia Williams,Economy,Platinum,BNE-SYD,304.744622324176,305.469877327828,0.208122016752329,SYD,LHR,1.34419130179912,4262,False
New Ashley,West Victoriaside,2023-08-02 04:24:04,1.14491321335834,136,10036,Mary Gonzalez,Economy,Silver,MEL-BNE,161.783202851609,249.797795071056,-0.740666158391675,MEL,LHR,1.37392782845843,4653,True
West Vincentchester,North Stevenhaven,2023-10-22 14:49:38,-0.390366891709025,32,10037,Joseph Davis,First,Gold,BNE-SYD,160.228394475758,228.865873345113,1.48824131826889,MEL,LHR,1.39679936241017,4331,False
Wandaborough,West Michael,2023-12-02 21:06:27,-0.421568292411188,112,10038,Sarah Martin,First,Gold,BNE-SYD,268.345941936006,401.031955048797,1.80577941625399,BNE,LAX,0.641758500537755,1086,False
West Richardmouth,Greenton,2023-04-29 22:07:15,1.22332736605926,153,10039,Thomas Anderson,Business,Gold,SYD-MEL,129.477223611709,219.828633127345,-0.315191252822935,MEL,LHR,0.797302802921661,1235,True
Lake Alexandrashire,Stephaniefort,2023-02-08 22:17:32,0.789256142845022,175,10040,Joseph Hernandez,First,Gold,SYD-MEL,196.647620461007,118.068544058894,0.360612945211589,MEL,LHR,1.11272823251615,3570,False
Jonesside,Cookshire,2023-04-17 21:04:28,0.155163623316796,47,10041,Patricia Gonzalez,First,Gold,SYD-MEL,420.006813913251,372.281453439126,-0.690550757587186,SYD,SIN,0.81294616636744,3936,False
New Brent,Port Wanda,2023-08-26 17:03:21,1.14468816680085,32,10042,Karen Anderson,Economy,Gold,BNE-SYD,118.282953506457,342.509359728653,-0.896536662626783,MEL,SIN,1.50705629935717,558,True
Williamsville,East Connie,2023-10-30 13:36:12,-0.992130788884456,144,10043,Richard Miller,Economy,Silver,MEL-BNE,208.564354283162,70.7696866809345,-0.348768523696949,SYD,LAX,0.592995330205799,4019,False
Lake Johnfurt,South Brittany,2023-06-29 01:02:48,-0.406478301926739,54,10044,David Moore,Business,Silver,SYD-MEL,546.534227488845,426.534706548378,-1.0516833072857,SYD,LHR,1.23348442499366,2630,True
North Evelynland,Lucasstad,2023-03-16 08:41:50,-1.02300486013254,18,10045,Robert Taylor,Business,Gold,MEL-BNE,336.291025270339,367.403029696934,1.38952095690623,BNE,LHR,1.08738644064904,246,True
Sandramouth,Rogersfort,2023-07-06 20:00:42,-1.466958133472,27,10046,John Garcia,First,Gold,BNE-SYD,286.067631123461,216.132618934307,-0.955446902948325,SYD,SIN,1.1246010362116,4103,False
Port Tina,Cherylmouth,2023-12-05 00:12:15,1.17014177472106,123,10047,Karen Garcia,Business,Gold,BNE-SYD,220.973356405254,251.390784264083,0.294274101676203,BNE,SIN,0.926018175780159,2555,True
Kennedyfort,South Amy,2023-01-28 01:35:27,0.739583091668823,49,10048,Michael Rodriguez,Economy,Platinum,BNE-SYD,377.171390181036,346.657776143457,1.40235633325307,BNE,SIN,0.979798182990835,2589,True
Butlerside,East Morganburgh,2023-08-20 06:56:15,0.649676390969036,25,10049,Thomas Martinez,Business,Silver,MEL-BNE,139.147120479532,329.826815116536,0,SYD,SIN,1.04015639507877,1343,True
Reyesshire,Rogershaven,2023-02-11 06:58:43,1.23501096341696,161,10050,Thomas Jones,First,Platinum,MEL-BNE,182.808606166264,441.536889551699,-0.0594846476116646,SYD,LHR,0.853581219209613,3210,True
Port Robert,Morenofort,2023-06-05 02:39:56,0.155213683131645,147,10051,Patricia Rodriguez,First,Platinum,MEL-BNE,431.419065045385,334.257810416325,1.1179159982116,BNE,SIN,1.42941177335242,1672,True
Jessicaburgh,West Richard,2023-04-01 03:40:07,1.30011263502022,13,10052,Charles Martinez,Business,Gold,SYD-MEL,257.965633605426,525.225535357654,-0.981549316709043,SYD,SIN,1.05295272692186,2136,False
West Vincentchester,North Stevenhaven,2023-08-28 14:30:27,-0.351321387986953,12,10053,Jennifer Rodriguez,Business,Platinum,BNE-SYD,187.922677468115,313.661847554212,1.41513123905474,MEL,LHR,1.50629876924756,2588,True
Coxburgh,Levineport,2023-11-28 18:38:25,-0.38231980569675,6,10054,Sarah Rodriguez,Economy,Gold,BNE-SYD,454.094778108371,193.619247717949,-0.143015074451444,BNE,LHR,1.08562910373656,1127,True
Jessicaburgh,West Richard,2023-11-16 07:24:35,1.18890610796141,64,10055,Jennifer Jackson,First,Gold,SYD-MEL,243.717584927231,425.279638886715,-1.03104711794591,SYD,SIN,0.901142404622422,849,True
New Michelle,Wallacehaven,2023-07-04 05:40:46,0.726402615389993,86,10056,William Rafaelyan,First,Silver,MEL-BNE,136.407826901196,222.272864630975,-1.47557832855593,SYD,SIN,1.47835123163223,4917,False
North Evelynland,Lucasstad,2023-09-07 04:11:31,-0.906603105202862,107,10057,Jessica Rodriguez,Business,Silver,MEL-BNE,270.743441728627,290.156066036759,1.25208677080573,BNE,LHR,1.07964503492554,2112,False
Port Michellefort,East Davidbury,2023-11-28 04:35:02,0.164539735377922,119,10058,Richard Thomas,Business,Silver,SYD-MEL,405.06856390596,252.430405628872,-0.331281097298129,MEL,LAX,1.58106500102892,2772,True
Michaelchester,Fullerbury,2023-11-01 03:35:11,0.752398715476837,31,10059,William Moore,Business,Silver,BNE-SYD,310.139986033522,388.305667861862,-1.01114555684946,MEL,LAX,0.65528168661625,3692,True
West Nicoleland,Vasquezhaven,2023-06-01 15:25:45,1.34237412136129,44,10060,Mary Williams,First,Silver,BNE-SYD,180.22414673149,321.42537519366,-0.943554621521638,SYD,LHR,0.851793693983593,4747,True
New Josephmouth,South Denisestad,2023-10-19 17:11:19,-0.984676914590367,46,10061,Susan Johnson,Economy,Gold,MEL-BNE,243.063253787924,143.173369658181,-0.5207712787671,SYD,LHR,1.15366551834283,4612,True
Jameshaven,East Lauren,2023-10-30 10:59:49,1.31465199466974,6,10062,Linda Rafaelyan,Economy,Platinum,MEL-BNE,136.093137663037,270.115301675009,0.702603075455225,MEL,LAX,1.06907533453523,0,False
Gregorystad,Hamiltonburgh,2023-08-14 07:00:40,-1.42691512636624,165,10063,Jennifer Martin,Business,Platinum,MEL-BNE,237.616949077639,251.665639583862,-1.52155089017562,MEL,SIN,1.36086553002448,3475,False
West Nicoleland,Vasquezhaven,2023-04-10 12:53:40,1.19859701538288,103,10064,John Moore,Business,Gold,BNE-SYD,186.79732212115,305.560855144701,-0.914615278788794,SYD,LHR,0.842344301802861,3400,False
Aprilchester,North Jeffreyside,2023-01-08 00:49:24,0.745622333936806,73,10065,Jennifer Williams,Business,Silver,MEL-BNE,161.601192740056,152.046698794725,-1.48405739708952,BNE,LAX,1.30054246544375,2266,True
Wileyland,East Alyssa,2023-07-11 15:33:20,-1.45911432973384,41,10066,Mary Lopez,Economy,Platinum,BNE-SYD,439.711559978468,214.439873954118,1.98153179233792,BNE,LAX,0.814185168328831,1430,True
Lake Stephaniefurt,South Mariaview,2023-12-16 12:28:53,0.157883800932466,147,10067,Joseph Brown,Business,Silver,MEL-BNE,134.300106040265,118.2431431704,0.518650852626166,MEL,LHR,0.682962721709605,4820,True
Thomasshire,Freemanfort,2023-06-03 11:18:22,-0.407390118139825,25,10068,George Rodriguez,Economy,Silver,BNE-SYD,350.061633545547,344.980221990472,0.333894145568939,BNE,LAX,1.20468185374957,91,True
New Sarashire,West Graceside,2023-05-21 01:16:57,0.154822974311197,103,10069,Mary Williams,First,Gold,SYD-MEL,504.163819819005,303.10356725773,-0.29671117598655,SYD,SIN,0.557274459620676,4196,False
West Ericland,South Tara,2023-04-15 09:24:52,1.36523266046157,19,10070,Jennifer Jackson,First,Platinum,BNE-SYD,136.687607198997,531.264256705032,-0.414335724618613,SYD,LAX,0.884787125997372,162,False
New Guymouth,Jonesborough,2023-01-12 04:33:27,0.165685730647285,142,10071,Jennifer Thomas,Economy,Platinum,BNE-SYD,110.317152034324,485.30331138908,1.42031534106457,BNE,LHR,0.930057826772182,4930,True
Martinezborough,Johnfurt,2023-03-05 10:48:39,-1.42131122708103,103,10072,Patricia Jones,First,Platinum,BNE-SYD,150.870247412343,252.094390118043,0.822700530925609,MEL,SIN,0.814838088556434,4134,True
East Laura,New Jenniferfurt,2023-02-20 07:39:57,-1.60053080469284,93,10073,Barbara Jones,First,Silver,SYD-MEL,121.995351579879,242.481468333717,1.25862732498626,MEL,LHR,1.05972357243964,2322,False
West Vincentchester,North Stevenhaven,2023-12-24 14:37:52,-0.349336056196453,100,10074,Karen Rafaelyan,Business,Silver,BNE-SYD,167.187547355453,298.515688611611,1.23968815591582,MEL,LHR,1.6899175086317,3780,True
Port Tina,Cherylmouth,2023-04-23 19:34:33,1.23131152907874,20,10075,Joseph Jones,Economy,Gold,BNE-SYD,262.926879815283,275.570629364266,0.271707613580745,BNE,SIN,0.73745614656407,1626,True
Port Angela,Grahamburgh,2023-12-01 17:22:09,-1.51423248062455,123,10076,John Anderson,Business,Silver,BNE-SYD,589.736543395338,374.554603541846,0.0961898366707811,BNE,LHR,0.484280559120998,1206,True
North Gregorymouth,Christinaville,2023-02-07 13:08:10,-0.351962747653474,36,10077,David Martinez,First,Platinum,MEL-BNE,148.481812745558,563.783095097216,0.0922974877361687,MEL,SIN,1.15076376216243,2546,False
New Barbara,Lake Matthew,2023-12-01 20:26:17,-0.353067768852659,39,10078,George Anderson,First,Silver,SYD-MEL,344.795408645911,153.691809771339,-0.773240516937505,BNE,SIN,1.16152522897227,446,True
West Richardmouth,Greenton,2023-09-27 15:22:04,1.48273644397025,180,10079,Elizabeth Martinez,Economy,Platinum,SYD-MEL,98.403020003162,245.028704636573,-0.338602082178648,MEL,LHR,1.0198305768434,1550,True
Brittneychester,South Patricia,2023-09-07 01:36:13,-1.49440191490457,162,10080,John Wilson,Economy,Silver,SYD-MEL,258.189046356571,332.260462936407,0.172618341604567,BNE,LAX,1.20179664270052,1019,True
West Nicoleland,Vasquezhaven,2023-11-12 01:43:08,1.37184234925221,94,10081,Patricia Brown,First,Platinum,BNE-SYD,202.192951234265,417.896914584434,-0.860694892016152,SYD,LHR,0.855903355537951,3788,False
New Josephmouth,South Denisestad,2023-05-17 18:16:10,-0.945326182364049,25,10082,David Martin,Economy,Platinum,MEL-BNE,300.03089807318,154.466383558221,-0.602647778069341,SYD,LHR,1.09174665091193,1893,False
East Erica,South Allenbury,2023-01-14 11:34:19,1.41933924914068,177,10083,Michael Rafaelyan,First,Silver,MEL-BNE,251.944991043676,113.244123916064,-0.577060494816691,BNE,SIN,0.520950327849015,1239,False
Port Angela,Grahamburgh,2023-08-06 15:30:30,-1.49938651628524,42,10084,Mary Brown,Business,Platinum,BNE-SYD,529.101446741467,288.93251390683,0.0936380668583536,BNE,LHR,0.637257809684508,2126,False
Josechester,East Michellechester,2023-03-28 13:59:16,-0.414398376678208,4,10085,Thomas Jones,Business,Gold,SYD-MEL,120.649589941713,242.00624672944,-0.00932833230749316,BNE,LAX,0.969825179589811,4841,False
East Erica,South Allenbury,2023-03-26 06:50:01,1.39806638529687,68,10086,Joseph Martin,Business,Platinum,MEL-BNE,210.161454442326,113.344094782102,-0.456941461272737,BNE,SIN,0.54646089473817,871,True
South Samanthaberg,Lake Meganside,2023-02-24 13:28:43,0.736488995318179,64,10087,Susan Gonzalez,First,Silver,MEL-BNE,138.123782302526,530.278428595694,1.97687397495375,MEL,LAX,1.26760228468743,3354,True
Port Tina,Cherylmouth,2023-02-04 03:51:34,1.3988386082869,164,10088,Richard Rafaelyan,Business,Platinum,BNE-SYD,266.392151236478,342.565440429724,0.289866648379103,BNE,SIN,0.840348277786504,2933,True
Jameshaven,East Lauren,2023-09-27 03:12:43,1.21455095946138,9,10089,George Wilson,Business,Silver,MEL-BNE,136.528464396306,244.0275252559,0.479008292390913,MEL,LAX,1.32254337193313,3569,False
Marymouth,Port Patriciaton,2023-11-06 04:31:37,0.178823673828098,116,10090,Barbara Taylor,Business,Silver,MEL-BNE,193.963143152305,455.315694694971,-0.028926129650573,MEL,SIN,0.887483754648295,987,True
Jessicaburgh,West Richard,2023-09-10 21:22:01,1.34259594052123,176,10091,Karen Anderson,Economy,Platinum,SYD-MEL,244.536426089078,466.394279908206,-1.43174007315889,SYD,SIN,1.0719545120318,2356,False
Port Tina,Cherylmouth,2023-02-13 09:40:17,1.39721199074657,93,10092,Mary Wilson,Economy,Silver,BNE-SYD,283.25598891462,316.641008732276,0,BNE,SIN,0.875259055680975,230,False
Flowersburgh,East Justin,2023-09-09 23:56:12,0.750932301922637,172,10093,Richard Garcia,Business,Silver,SYD-MEL,300.753504684918,322.894272876413,-1.14221892655149,BNE,LHR,0.833310040463172,2873,True
Ericaton,Scottbury,2023-07-15 08:44:54,0.171209861523641,109,10094,Robert Martinez,First,Platinum,SYD-MEL,365.830373087967,454.938076896079,0.0158529391282544,SYD,SIN,0.985664537778665,1161,True
New Barbara,Lake Matthew,2023-10-11 00:50:43,-0.364964870738633,4,10095,Patricia Rodriguez,Business,Silver,SYD-MEL,488.888616902598,158.554035356861,-1.0522788912442,BNE,SIN,1.05254311516103,2363,False
East Thomasland,North Jennifershire,2023-08-10 12:21:47,1.26998884004369,84,10096,Jessica Rodriguez,Business,Platinum,MEL-BNE,111.33216936209,142.889425941261,-1.63129837167377,MEL,LHR,0.466653123330065,4885,True
Butlerside,East Morganburgh,2023-12-29 23:33:17,0.684060995896812,111,10097,Mary Davis,Business,Silver,MEL-BNE,134.315905669163,473.965764560159,0.0538064572881255,SYD,SIN,0.864238469016306,4946,True
Leeberg,Higginstown,2023-12-20 10:54:17,-0.892603119663363,5,10098,Karen Jackson,Business,Gold,MEL-BNE,441.501901724747,441.971620824387,-1.4112921769973,SYD,LAX,1.2470649965369,2426,True
Lake Billyland,Loganchester,2023-04-14 13:51:05,1.34914772977692,4,10099,Elizabeth Jackson,First,Platinum,MEL-BNE,218.597320502513,368.40961500452,-1.4182814203996,BNE,LAX,1.08761124439356,4922,False
Stevenville,Nicholasberg,2023-07-01 07:19:25,0.168385422675911,130,10100,Richard Wilson,First,Gold,MEL-BNE,389.188876983987,238.14368818008,-1.3225771426053,BNE,LHR,1.39050735637645,2338,True
Lake Billyland,Loganchester,2023-07-25 01:49:44,1.3443416801817,169,10101,Karen Anderson,Business,Platinum,MEL-BNE,187.516063228456,331.030071991003,-1.64391521416267,BNE,LAX,0.881131437280807,3024,False
South Brenda,Nicholsshire,2023-03-31 19:06:58,0.667654331788243,119,10102,Elizabeth Brown,Economy,Silver,BNE-SYD,247.139393017504,156.477371687239,-1.3058550114965,SYD,LHR,1.42880317774562,4549,False
West Richardmouth,Greenton,2023-05-28 15:41:53,1.25533610996824,103,10103,Susan Moore,Business,Gold,SYD-MEL,130.665716555275,242.757504354716,-0.311383054887378,MEL,LHR,1.02842960402838,1708,True
Leeberg,Higginstown,2023-10-05 23:15:56,-1.02671137972165,170,10104,Karen Garcia,First,Gold,MEL-BNE,428.318700730585,489.698753003452,-1.65178901340622,SYD,LAX,1.39131101854765,3968,True
Port Jason,Mannshire,2023-10-15 18:52:14,-1.02697277644914,90,10105,Mary Martin,Economy,Platinum,MEL-BNE,355.457317508612,109.138839370307,0.723386552162542,BNE,LAX,1.62759538410679,1394,True
South Emily,East Jacob,2023-02-15 22:12:41,0.161433717630301,22,10106,Elizabeth Taylor,First,Platinum,MEL-BNE,385.341651925478,133.154635064219,-0.131155355093936,MEL,LHR,0.906510657522139,4070,True
Josechester,East Michellechester,2023-04-22 16:31:04,-0.352731129085702,125,10107,Jessica Lopez,Business,Platinum,SYD-MEL,160.464810655995,247.082783338041,-0.00893902668691613,BNE,LAX,1.37827306539856,3299,True
Owenborough,Kelleymouth,2023-01-06 02:28:52,-0.369147548934283,67,10108,George Moore,Business,Silver,BNE-SYD,355.819842134647,428.59855985827,-0.43405302102158,BNE,SIN,1.07780997755823,395,False
Port Tina,Cherylmouth,2023-01-29 19:15:33,1.16466705915562,146,10109,Jessica Martinez,Business,Silver,BNE-SYD,265.775040949428,256.542036388336,0.276275811275173,BNE,SIN,0.790481254451887,3000,True
Michaelbury,Nelsonstad,2023-02-14 12:51:35,-1.55035014713733,19,10110,Susan Martin,Business,Silver,BNE-SYD,470.73122256742,267.300602623484,0.773749880870172,BNE,LHR,0.754673778255453,2389,True
New Barbara,Lake Matthew,2023-02-02 10:11:10,-0.359011492541528,148,10111,Susan Rodriguez,Economy,Platinum,SYD-MEL,371.833435231087,136.854241551133,-1.06476075848799,BNE,SIN,1.14848421598342,1979,True
Port Robert,Morenofort,2023-12-03 23:17:49,0.171661634294187,4,10112,Michael Anderson,Business,Gold,MEL-BNE,481.508608507192,407.759447976057,1.12664066142752,BNE,SIN,0.977428700997661,4881,True
Martinezborough,Johnfurt,2023-07-25 18:12:27,-1.36702431944709,4,10113,Susan Williams,Economy,Silver,BNE-SYD,188.502145416206,294.919370048739,0.801189244838764,MEL,SIN,0.59613438451981,4867,True
Flowersburgh,East Justin,2023-08-30 01:56:37,0.755411291590764,25,10114,Susan Jackson,Economy,Gold,SYD-MEL,257.747268372958,257.380753017437,-1.15009366662213,BNE,LHR,0.780557222762098,665,True
Jonesside,Cookshire,2023-04-23 08:37:16,0.170023509520633,9,10115,Jessica Wilson,Business,Gold,SYD-MEL,344.932181608206,391.427157607628,-0.751833776125112,SYD,SIN,0.886151457088548,1229,True
New Stevenfurt,Bondhaven,2023-05-25 02:59:34,1.27179888037815,146,10116,Jessica Johnson,Economy,Silver,SYD-MEL,258.467552040211,181.504858857024,-0.21028163210295,MEL,LAX,1.07698292873286,1100,False
Port Edgar,Aliciaview,2023-08-10 08:05:50,-0.421587275611409,177,10117,Sarah Lopez,Business,Silver,BNE-SYD,246.645559344344,387.618294429121,-1.00261824744608,MEL,SIN,0.830855089160593,3235,True
Coxburgh,Levineport,2023-12-12 17:06:02,-0.401124333789661,125,10118,Joseph Taylor,Economy,Platinum,BNE-SYD,418.439985529099,235.50888835272,-0.128983220136894,BNE,LHR,0.95488763607607,4152,True
Murrayhaven,Lake Jennifermouth,2023-07-08 15:45:22,-0.87856013883679,161,10119,Susan Martin,Business,Gold,BNE-SYD,398.785159632718,280.896630137107,0.801948722632892,SYD,LHR,1.61748262052054,3917,True
Josephtown,Port Kennethfurt,2023-06-07 15:14:31,1.22653573005269,50,10120,George Garcia,Business,Gold,SYD-MEL,157.663639901118,92.5113428719879,0.310636596792925,BNE,SIN,0.856987709837818,3605,False
Mcdonaldmouth,Ryanfort,2023-07-31 17:27:31,1.37238667788149,3,10121,William Thomas,First,Silver,MEL-BNE,425.712644829626,274.586288481641,1.5288601244622,BNE,LHR,0.452060636266868,1431,False
Brittanyview,Elizabethview,2023-01-25 18:21:59,-0.425486293991975,92,10122,Karen Miller,Business,Gold,BNE-SYD,274.129593859223,285.101132302489,-0.846996654381139,MEL,LHR,0.721147751866009,454,True
Wandaborough,West Michael,2023-11-25 11:42:50,-0.372573730902193,152,10123,Charles Martin,First,Silver,BNE-SYD,228.423377948802,338.840725589563,2.42108752454633,BNE,LAX,0.753407097826348,2139,False
South Deborah,New Kathrynburgh,2023-07-31 13:17:30,0.168782471867031,52,10124,Joseph Miller,First,Platinum,MEL-BNE,223.349233410106,320.304554970095,-1.99161531929836,SYD,SIN,0.869970133141186,4707,True
Michaelchester,Fullerbury,2023-05-15 17:19:11,0.742883250693149,147,10125,Patricia Anderson,Business,Platinum,BNE-SYD,304.532953440123,391.350867209657,-0.800968330373418,MEL,LAX,0.806436655780225,1915,False
Kennedyfort,South Amy,2023-02-11 02:15:35,0.792193235551769,61,10126,Sarah Miller,Business,Platinum,BNE-SYD,330.406485625134,304.595352533862,1.36635968429943,BNE,SIN,0.772032868884581,1238,True
North Evelynland,Lucasstad,2023-03-08 23:14:57,-0.851973122101301,166,10127,Charles Taylor,First,Silver,MEL-BNE,310.532738664011,408.277428441933,1.26117533926958,BNE,LHR,0.991458741986556,3594,True
East Alejandra,Berryberg,2023-05-31 18:55:55,0.778920977603731,138,10128,Mary Thomas,Economy,Platinum,MEL-BNE,182.195736229459,192.490785557927,-1.52615662698296,BNE,SIN,0.740955233937357,708,False
Julianberg,North Brittneychester,2023-03-20 20:46:55,1.35069036692222,60,10129,Karen Taylor,Economy,Silver,MEL-BNE,225.028547585157,363.099248624117,-1.45188028788044,MEL,SIN,0.629124747549719,4545,True
Pottsfort,Gutierrezport,2023-02-05 14:57:47,1.15407069656216,142,10130,Mary Jackson,First,Platinum,BNE-SYD,307.743484389191,291.267551551908,-0.38066012802195,BNE,LAX,0.83897296631137,2117,True
Josephtown,Port Kennethfurt,2023-10-07 00:42:02,1.16949412681667,143,10131,George Williams,First,Silver,SYD-MEL,132.02379190801,117.895421792987,0.348379924610077,BNE,SIN,0.951724957693219,4033,False
New Josephmouth,South Denisestad,2023-01-19 00:06:34,-0.994577622260036,118,10132,Joseph Jackson,Economy,Platinum,MEL-BNE,296.225997836991,126.052233384194,-0.621849019888393,SYD,LHR,1.01833965319399,4117,False
Port Sheenatown,East Melissa,2023-06-21 01:12:53,1.36869120535324,115,10133,Susan Martinez,Economy,Gold,MEL-BNE,480.941931165394,133.506035109455,1.37876484339061,BNE,SIN,1.43327253218507,385,True
East Erica,South Allenbury,2023-04-05 17:18:10,1.4090868210176,144,10134,Elizabeth Thomas,Economy,Silver,MEL-BNE,272.830802838199,100.244714041807,-0.53706593638952,BNE,SIN,0.537492669831306,570,True
Reyesshire,Rogershaven,2023-05-28 02:55:32,1.30201834943837,72,10135,Richard Moore,Economy,Platinum,MEL-BNE,155.171121708597,381.501553050504,-0.0610702724729672,SYD,LHR,0.946645076019205,3772,True
West Vincentchester,North Stevenhaven,2023-10-17 14:42:08,-0.364788925331211,35,10136,Elizabeth Miller,Business,Gold,BNE-SYD,159.379537026135,291.291714897941,1.23967970713237,MEL,LHR,1.36216535931498,1925,False
Lindseyton,Lake Jesus,2023-11-25 14:59:30,-0.822282543770255,162,10137,Mary Thomas,Business,Silver,BNE-SYD,331.268212126213,517.431171036729,0.057081508608709,MEL,LHR,1.32264131295929,3401,False
Cobbshire,Port Johnport,2023-06-22 01:10:10,0.177251730265113,92,10138,Barbara Martinez,First,Gold,BNE-SYD,382.731009282831,326.468392950918,0.22645519005534,SYD,LHR,0.936238501910131,3900,True
West Nicoleland,Vasquezhaven,2023-10-22 08:39:45,1.21591563842299,98,10139,John Rafaelyan,Economy,Silver,BNE-SYD,193.557254560224,334.371587067194,-0.819081982394921,SYD,LHR,0.954347307409338,1372,True
Kennedyfort,South Amy,2023-04-21 16:42:55,0.676118196012468,176,10140,Sarah Wilson,First,Silver,BNE-SYD,332.375219998601,239.397737429687,1.81885383392993,BNE,SIN,0.750904027467536,1133,False
Michaelbury,Nelsonstad,2023-08-30 23:15:06,-1.6013145436017,127,10141,Patricia Rafaelyan,Business,Gold,BNE-SYD,560.882469328654,231.157314138886,0,BNE,LHR,1.09697654936443,4826,False
Arnoldtown,Morriston,2023-06-06 13:59:10,0.162588737175374,180,10142,Thomas Miller,Business,Silver,SYD-MEL,497.23718434923,190.583834345159,-0.915329405124189,SYD,LAX,0.592001838128366,962,True
Lindseyton,Lake Jesus,2023-02-19 13:53:06,-0.84470667353309,135,10143,Patricia Taylor,Business,Platinum,BNE-SYD,336.84943883726,524.730190097485,0.0709722071615312,MEL,LHR,1.1949815616071,2163,False
Walkerberg,Lake Matthewbury,2023-12-04 22:49:37,1.32967741637202,33,10144,Thomas Wilson,Economy,Platinum,MEL-BNE,469.007601616706,344.42398897404,0.498414180549938,BNE,LAX,1.12438814322947,3260,True
Port Angela,Grahamburgh,2023-06-16 16:36:06,-1.44968360012921,116,10145,John Anderson,Business,Gold,BNE-SYD,427.797316455702,395.615554957404,0.077920941099495,BNE,LHR,0.490239132325415,4477,False
Susanberg,South Billy,2023-05-10 21:33:04,-0.916136396377018,81,10146,Richard Anderson,First,Gold,MEL-BNE,434.918212097656,447.345004893821,-0.274809889574438,SYD,LHR,1.03361398585149,959,True
Josephview,Port Garyport,2023-09-08 11:16:29,-0.377577984777341,158,10147,Thomas Williams,First,Silver,SYD-MEL,280.684255108146,417.67352705005,1.56083784904195,SYD,LAX,1.00462555957771,2594,False
East Francesborough,Port Kristi,2023-05-28 00:21:48,1.2054195273073,14,10148,Patricia Miller,Business,Silver,SYD-MEL,490.642460949705,336.560692452814,-1.53800475447122,BNE,LHR,0.523439918096561,3903,False
Josephtown,Port Kennethfurt,2023-04-01 05:10:33,1.20824560634954,41,10149,Sarah Miller,First,Gold,SYD-MEL,172.533047459857,102.067379320871,0.35252859910743,BNE,SIN,0.700510209478638,4244,False
Lindseyton,Lake Jesus,2023-04-26 02:31:36,-0.950144333511497,94,10150,Mary Thomas,First,Silver,BNE-SYD,368.1127567507,378.1187390463,0.064348974679212,MEL,LHR,1.10210799341014,380,True
West Nicoleland,Vasquezhaven,2023-02-10 07:44:57,1.28608421803127,121,10151,Patricia Taylor,Economy,Platinum,BNE-SYD,182.837410321878,429.556004447051,-0.67822119264515,SYD,LHR,0.725183719535108,4276,False
Thomasshire,Freemanfort,2023-03-31 21:26:35,-0.361927994274633,127,10152,Charles Lopez,First,Platinum,BNE-SYD,284.759513400667,326.457581505096,0.451842818419317,BNE,LAX,1.19209213791095,4258,True
New Josephmouth,South Denisestad,2023-11-29 10:31:11,-1.02940310681004,53,10153,Richard Miller,Economy,Gold,MEL-BNE,227.946874934768,128.990535897225,-0.537932181495336,SYD,LHR,0.938805561525674,4208,True
Thomasshire,Freemanfort,2023-01-31 15:46:14,-0.42562850757948,38,10154,William Brown,Business,Silver,BNE-SYD,368.794958457559,348.697211671664,0.41189206090578,BNE,LAX,1.50721693873402,3651,True
Josephtown,Port Kennethfurt,2023-08-12 17:46:19,1.26148700542131,82,10155,Patricia Jones,Economy,Silver,SYD-MEL,166.133561732039,104.737848249608,0.302981781345534,BNE,SIN,0.769719870276343,136,False
Susanberg,South Billy,2023-12-20 17:00:09,-1.02111073143549,78,10156,George Taylor,Economy,Gold,MEL-BNE,486.486471552419,543.437382933419,-0.308511177411847,SYD,LHR,1.14914775957869,99,False
South Deborah,New Kathrynburgh,2023-04-01 04:24:41,0.179222164042626,129,10157,Barbara Taylor,First,Silver,MEL-BNE,184.61875487704,299.621009685462,-1.95596404069173,SYD,SIN,0.876641898369298,2412,False
North Karenstad,Ashleyburgh,2023-11-21 14:10:52,-1.54475220531192,10,10158,William Miller,First,Gold,SYD-MEL,413.205450855131,343.173577794082,-0.661983198953551,BNE,LAX,0.986829110294598,3587,True
Port Robert,Morenofort,2023-07-02 23:45:59,0.155132824091069,36,10159,John Rodriguez,Business,Platinum,MEL-BNE,389.703757964809,367.734143412847,1.29099939183531,BNE,SIN,1.40913986964499,1925,True
Lake Johnfurt,South Brittany,2023-06-13 07:13:23,-0.421635884870866,170,10160,Robert Anderson,First,Gold,SYD-MEL,544.774270753332,397.515204497926,-0.995537038535745,SYD,LHR,1.05023290414501,4735,False
Lake Alexandrashire,Stephaniefort,2023-08-07 07:39:17,0.723514542278491,0,10161,Linda Miller,Economy,Platinum,SYD-MEL,163.56898007036,100.940856460976,0.482970169416969,MEL,LHR,1.04614760452367,1620,True
South Brenda,Nicholsshire,2023-08-12 07:03:47,0.681452290491833,129,10162,Mary Hernandez,Business,Silver,BNE-SYD,304.359589527961,188.00302764276,-1.30035917102443,SYD,LHR,1.34770154048122,3191,True
Reyesshire,Rogershaven,2023-11-15 09:37:48,1.28477694672236,56,10163,Barbara Martinez,Economy,Silver,MEL-BNE,181.680589939475,393.699907685955,-0.0532220324937407,SYD,LHR,0.855128969490615,726,True
South Emily,East Jacob,2023-10-12 16:19:47,0.155387077580933,38,10164,Michael Garcia,Business,Platinum,MEL-BNE,364.750977855946,138.084768298186,-0.142010712288749,MEL,LHR,1.13744029893242,4844,True
Jameshaven,East Lauren,2023-03-03 18:14:13,1.3568278669683,68,10165,Barbara Rodriguez,Business,Gold,MEL-BNE,103.24663501829,282.877179086498,0.676956445999608,MEL,LAX,1.26671238538984,187,False
North Lorifurt,Johnsontown,2023-09-24 04:29:03,1.17034890067652,81,10166,Richard Taylor,Business,Gold,BNE-SYD,407.112510854507,407.525412361606,1.45133997471283,MEL,LAX,0.999788785602726,4521,True
Mcdonaldmouth,Ryanfort,2023-07-18 03:07:45,1.26657161289647,14,10167,Barbara Jackson,First,Platinum,MEL-BNE,381.383271236273,226.907689182671,1.43150387501195,BNE,LHR,0.606650096649349,3145,True
Port Edgar,Aliciaview,2023-02-01 14:03:33,-0.429570629763183,69,10168,Barbara Davis,Economy,Platinum,BNE-SYD,221.308279030726,491.57135054758,-1.31692797452368,MEL,SIN,1.12860735998461,2833,False
New Sarashire,West Graceside,2023-03-18 04:30:23,0.17319446920823,55,10169,David Anderson,Business,Gold,SYD-MEL,441.222308251393,223.610867093768,-0.352250938225834,SYD,SIN,0.570174990848183,676,False
Gregville,East John,2023-11-13 16:19:33,0.643042804233014,34,10170,Charles Taylor,Business,Platinum,MEL-BNE,283.363019043841,135.627187196289,-0.463196421195551,SYD,LAX,1.80145921586853,3564,True
New Christopher,Kevinhaven,2023-10-04 08:06:31,0.686219961663887,51,10171,William Brown,Business,Silver,SYD-MEL,396.673716959996,92.9364265436005,0.394656976653463,SYD,LAX,1.11909684386957,1510,True
Lake Johnfurt,South Brittany,2023-04-11 03:19:16,-0.400941845283943,139,10172,Susan Anderson,Economy,Silver,SYD-MEL,499.38131557217,418.627023010379,-0.852641027043134,SYD,LHR,1.15287023458754,33,True
South Brenda,Nicholsshire,2023-11-24 12:26:02,0.620559160491049,170,10173,Barbara Moore,Economy,Platinum,BNE-SYD,250.633442625195,211.375951534363,-1.05321876380552,SYD,LHR,1.28646685996711,595,True
Edwardsbury,Cassandramouth,2023-10-01 07:12:16,-0.374039233518356,134,10174,Elizabeth Martinez,Economy,Platinum,MEL-BNE,235.828310427975,334.602362868265,1.35792424792987,MEL,LAX,0.519765052115696,3707,True
East Laura,New Jenniferfurt,2023-05-27 18:54:09,-1.6264285488518,111,10175,John Rodriguez,First,Silver,SYD-MEL,159.484654577596,241.090097014002,1.86131642818124,MEL,LHR,0.786025187234628,2687,True
East Thomasland,North Jennifershire,2023-08-24 21:13:01,1.23121317016611,168,10176,Elizabeth Jones,Business,Platinum,MEL-BNE,116.673573045371,121.73079896068,-1.23700679455946,MEL,LHR,0.411104080460667,4998,False
Flowersburgh,East Justin,2023-07-06 05:46:14,0.757626021760928,8,10177,Elizabeth Thomas,Economy,Platinum,SYD-MEL,318.206600195753,286.007834048343,-1.12178472885948,BNE,LHR,0.715165864011064,2254,True
New Brent,Port Wanda,2023-08-08 04:40:29,1.26063405750096,96,10178,Michael Gonzalez,Economy,Silver,BNE-SYD,87.730423898015,359.900185317415,-0.971867193854667,MEL,SIN,1.13815581484573,2559,True
Lake Stephaniefurt,South Mariaview,2023-10-10 08:46:53,0.169597046994915,115,10179,Mary Brown,First,Silver,MEL-BNE,112.387290949445,144.136372562733,0.503165330915904,MEL,LHR,0.923300466935128,2738,False
Julianberg,North Brittneychester,2023-05-20 15:30:31,1.30217940933902,168,10180,Susan Davis,Business,Silver,MEL-BNE,246.105814923027,372.667380549665,-1.60848265662919,MEL,SIN,0.589642085597922,2121,False
Port Sheenatown,East Melissa,2023-11-07 20:26:54,1.23405294028372,85,10181,Thomas Martin,First,Gold,MEL-BNE,584.955606770979,161.238138481425,1.06941817010185,BNE,SIN,1.22072089972294,1731,False
West Richardmouth,Greenton,2023-08-13 14:41:43,1.37750240306608,180,10182,Richard Brown,Economy,Silver,SYD-MEL,98.5707890859059,245.228391433978,-0.282699881334958,MEL,LHR,0.94708647311784,1794,False
Brittneychester,South Patricia,2023-06-09 08:49:10,-1.48034204921972,120,10183,Michael Wilson,First,Gold,SYD-MEL,247.161822454379,344.830957098351,0.233528954106629,BNE,LAX,1.12047475682056,1831,True
Arnoldtown,Morriston,2023-02-02 07:41:10,0.176759744258393,30,10184,Robert Thomas,Business,Platinum,SYD-MEL,406.370960656964,222.937617855693,-1.18515875917777,SYD,LAX,0.58551732435917,657,False
Lake Billyland,Loganchester,2023-01-20 06:23:34,1.15449649835843,21,10185,Michael Martinez,First,Gold,MEL-BNE,190.146191154402,303.099907925352,-1.87283530601719,BNE,LAX,0.900645493008754,1991,True
West Nicoleland,Vasquezhaven,2023-10-12 07:27:25,1.18355008280647,162,10186,William Johnson,Business,Gold,BNE-SYD,206.213919336734,370.778643618196,-0.651272369185533,SYD,LHR,0.881665234819109,4807,False
New Guymouth,Jonesborough,2023-02-12 11:33:09,0.179875489734277,56,10187,Joseph Rafaelyan,First,Gold,BNE-SYD,121.019178396467,374.842847971653,1.55986924899612,BNE,LHR,0.879909867862635,3058,True
Wileyland,East Alyssa,2023-06-17 12:41:30,-1.48286853486745,121,10188,Jennifer Johnson,First,Gold,BNE-SYD,485.520163511641,277.423928208695,1.46347813115559,BNE,LAX,0.885325945908752,1196,False
Brianshire,West Alexis,2023-10-24 08:42:37,1.37469956465269,49,10189,Sarah Rodriguez,First,Gold,SYD-MEL,466.552879782189,228.727029897325,1.59111025586282,SYD,LHR,0.619118679631519,4684,True
Port Carolyn,Port Robert,2023-08-30 01:37:41,-1.49853318738556,67,10190,Sarah Taylor,First,Silver,BNE-SYD,242.611977414928,214.090268356995,0.643173805106522,BNE,LHR,1.16035383648601,3386,True
New Barbara,Lake Matthew,2023-01-10 13:51:03,-0.365082472742829,15,10191,Sarah Moore,First,Gold,SYD-MEL,495.669286994234,178.708102542059,-0.920066758655845,BNE,SIN,1.14406650765186,4773,True
Murrayhaven,Lake Jennifermouth,2023-06-24 01:24:50,-0.851656287862168,37,10192,Jessica Jackson,First,Gold,BNE-SYD,354.870426236243,276.612960288205,0.851971475271811,SYD,LHR,1.61726686369858,2283,False
Gregville,East John,2023-02-08 01:35:07,0.768025878510289,176,10193,Joseph Miller,First,Platinum,MEL-BNE,373.354190159555,137.866282860531,-0.43564112372428,SYD,LAX,1.57479570720624,1429,False
New Christopher,Kevinhaven,2023-03-10 23:09:37,0.731850044313198,1,10194,Karen Anderson,First,Gold,SYD-MEL,404.849682102708,105.110782100512,0.424981385862952,SYD,LAX,1.44692714152632,3016,True
Wileyland,East Alyssa,2023-09-14 01:29:57,-1.51677761546965,77,10195,David Rodriguez,First,Gold,BNE-SYD,357.484188686047,260.022117009441,1.57189888665226,BNE,LAX,0.886797890472646,4096,True
Lake Jeremyville,North Lawrencemouth,2023-07-19 03:05:08,0.173712908069504,58,10196,Patricia Davis,Business,Platinum,MEL-BNE,358.574249100261,301.18785653561,-0.505030677000966,MEL,LAX,0.722165054246895,3282,False
Port Robert,Morenofort,2023-04-21 06:03:31,0.172539022198914,56,10197,Michael Martin,Economy,Gold,MEL-BNE,393.432277789706,344.625657397649,1.05291982215391,BNE,SIN,1.343698436597,871,False
Julianberg,North Brittneychester,2023-04-02 22:39:19,1.39798639778944,169,10198,Charles Brown,First,Gold,MEL-BNE,306.06719420845,459.398570381071,-1.55706970296779,MEL,SIN,0.666126810831354,2589,False
Edwardsbury,Cassandramouth,2023-05-21 05:56:14,-0.419328076647153,59,10199,Thomas Rafaelyan,First,Platinum,MEL-BNE,265.217234308929,409.643394771429,1.20281530056698,MEL,LAX,0.564211715919456,3938,True
Wandaborough,West Michael,2023-07-07 13:32:36,-0.426956874852956,126,10200,Patricia Williams,First,Silver,BNE-SYD,202.734489217516,399.895307838401,1.77744314751927,BNE,LAX,0.725658933590019,490,False
New Michelle,Wallacehaven,2023-12-30 04:33:22,0.656840118494896,133,10201,Charles Moore,Economy,Gold,MEL-BNE,121.202865463497,217.091131682837,-1.84518441852825,SYD,SIN,1.14152367162857,4664,False
North Gregorymouth,Christinaville,2023-02-13 04:31:43,-0.421601802704276,54,10202,Sarah Moore,Business,Gold,MEL-BNE,112.644387775261,548.593436644577,0.0969140919474947,MEL,SIN,1.22208376293973,748,True
Brittanyview,Elizabethview,2023-08-04 13:16:38,-0.412376848229022,34,10203,Elizabeth Martinez,Economy,Silver,BNE-SYD,366.463200473053,255.939864157628,-1.16915897439328,MEL,LHR,0.653440808703469,3376,True
Michaelbury,Nelsonstad,2023-06-25 01:58:31,-1.37643135679656,53,10204,Linda Rodriguez,Economy,Silver,BNE-SYD,486.242700865184,243.539183805292,0,BNE,LHR,1.0062611689631,3768,False
Josechester,East Michellechester,2023-12-12 23:58:39,-0.375313936621321,74,10205,Michael Johnson,First,Platinum,SYD-MEL,140.063956281157,223.732912812169,-0.00869148429702364,BNE,LAX,1.20767114817821,2185,False
New Brent,Port Wanda,2023-05-31 13:00:58,1.24275561444972,180,10206,Charles Hernandez,Business,Platinum,BNE-SYD,94.3002457026571,321.845059234519,-1.10774861299528,MEL,SIN,1.32692108386045,3914,False
Josechester,East Michellechester,2023-11-19 18:54:52,-0.349705359584691,27,10207,Karen Johnson,Business,Silver,SYD-MEL,153.96526552701,233.737443294985,-0.00959725037172284,BNE,LAX,1.38997362883459,686,True
West Nicoleland,Vasquezhaven,2023-06-15 07:56:01,1.20721605839038,53,10208,David Davis,Economy,Gold,BNE-SYD,220.412783447277,381.863985056945,-0.839505040513889,SYD,LHR,0.760338849659599,3968,True
Lake Davidshire,Lake Shawn,2023-07-29 15:02:27,-0.367801965951381,105,10209,David Anderson,Economy,Platinum,SYD-MEL,368.251771773692,215.789436738522,0.835424419338727,MEL,LHR,1.22914024015641,4735,False
Hardyberg,Valenciachester,2023-01-24 18:06:17,-1.67794570836411,179,10210,Karen Davis,Economy,Platinum,SYD-MEL,360.923366566261,207.117712121064,-1.62156698790464,SYD,LHR,1.0854602360025,264,True
Lake Johnfurt,South Brittany,2023-09-13 02:24:13,-0.379919685787151,176,10211,Mary Martin,Economy,Platinum,SYD-MEL,414.635255822367,407.17399842925,-1.00738731776933,SYD,LHR,0.884292250052859,2914,True
West Nicoleland,Vasquezhaven,2023-04-30 12:49:53,1.20081505436759,175,10212,Richard Thomas,Economy,Platinum,BNE-SYD,156.21460708412,404.561386244493,-0.652205518363352,SYD,LHR,0.780044861392386,915,False
Mcdonaldmouth,Ryanfort,2023-04-12 01:20:05,1.190073440523,118,10213,Richard Thomas,Business,Silver,MEL-BNE,382.061629614806,266.042343882107,1.09647845894874,BNE,LHR,0.540152213041261,173,False
Port Robert,Morenofort,2023-03-12 04:02:31,0.161107577357441,121,10214,Jessica Taylor,First,Platinum,MEL-BNE,392.614315769425,301.479713597079,1.14619715660514,BNE,SIN,1.44014760176553,1094,False
Thomasshire,Freemanfort,2023-05-27 22:56:57,-0.409743696246412,77,10215,Jennifer Brown,Economy,Gold,BNE-SYD,305.993247535402,459.45399527531,0.366211044334218,BNE,LAX,1.29407185270509,889,True
New Sarashire,West Graceside,2023-09-11 10:02:19,0.155924159958991,18,10216,Susan Anderson,Economy,Silver,SYD-MEL,362.370394001277,230.804214281941,-0.295735311322775,SYD,SIN,0.492403085769167,3227,False
New Guymouth,Jonesborough,2023-10-20 20:19:19,0.164081677580766,15,10217,Barbara Moore,First,Gold,BNE-SYD,121.433445607959,421.355311366792,1.90620570291268,BNE,LHR,0.875819164186564,1071,False
Port Cory,Russellberg,2023-04-08 11:43:24,1.19600875208685,153,10218,Barbara Lopez,First,Platinum,MEL-BNE,329.70160112112,206.334155382589,1.89527759005707,BNE,LAX,0.999676822169464,906,True
Butlerside,East Morganburgh,2023-03-28 13:38:56,0.671161264239046,159,10219,William Anderson,Economy,Gold,MEL-BNE,189.780355368303,474.974642430425,0.0543472240902868,SYD,SIN,0.915026519267274,1795,True
Hardyberg,Valenciachester,2023-10-10 09:42:15,-1.65030627211314,36,10220,Robert Johnson,First,Silver,SYD-MEL,426.002394498439,206.498114344477,-1.49963842517506,SYD,LHR,0.911826162101576,480,False
Brittneychester,South Patricia,2023-06-09 05:13:05,-1.4064460731142,13,10221,Joseph Martinez,First,Gold,SYD-MEL,185.100330276381,326.259762730801,0.172481408076252,BNE,LAX,1.3935541543658,1710,False
East Alejandra,Berryberg,2023-02-23 21:29:25,0.682078466084176,31,10222,Thomas Taylor,Economy,Silver,MEL-BNE,211.326213133577,232.136435122164,-1.41473537806669,BNE,SIN,0.713888843396465,282,True
Marymouth,Port Patriciaton,2023-12-23 22:06:01,0.153899403692726,89,10223,Mary Martin,Economy,Silver,MEL-BNE,182.602617610097,401.020758678003,-0.0390502164130285,MEL,SIN,0.953322386043678,2389,False
North Gregorymouth,Christinaville,2023-09-25 03:49:56,-0.409519145573287,97,10224,Joseph Brown,Business,Platinum,MEL-BNE,127.862548809055,547.348694031263,0.0915727793254978,MEL,SIN,1.40680799578695,2392,True
Port Jason,Mannshire,2023-09-12 02:59:46,-0.932114077675977,91,10225,John Davis,Business,Gold,MEL-BNE,370.929062522943,94.4082227584218,0.767938839212762,BNE,LAX,1.54882466262768,4064,True
West Nicoleland,Vasquezhaven,2023-12-28 08:01:15,1.27432265819914,160,10226,William Miller,Business,Platinum,BNE-SYD,227.019840798985,349.529637059662,-0.703742113568567,SYD,LHR,0.774024437125949,152,True
South Brittany,Fitzgeraldbury,2023-11-26 07:38:26,-1.39416596284891,109,10227,Sarah Martin,First,Platinum,SYD-MEL,525.044815694601,189.325665742266,1.85125066943998,BNE,SIN,0.785258521664519,3056,True
Port Tina,Cherylmouth,2023-01-06 11:31:33,1.34873858476167,54,10228,Robert Miller,Business,Silver,BNE-SYD,260.408308335794,296.938492760182,0.393463267504691,BNE,SIN,0.929174890411093,4961,False
South Kimberlyland,North William,2023-08-21 21:48:23,-1.05154002006517,85,10229,Robert Rafaelyan,Business,Platinum,BNE-SYD,315.774139470289,100.832642497455,1.80295175685521,SYD,SIN,1.34762169006217,1754,False
Port Sheenatown,East Melissa,2023-12-24 22:55:04,1.30411751984168,89,10230,Karen Martin,First,Gold,MEL-BNE,586.627759242338,159.010417202346,1.19191244571407,BNE,SIN,1.52015113536181,848,False
East David,South Nicholasville,2023-03-09 17:49:28,-0.407450992140873,94,10231,William Taylor,First,Platinum,SYD-MEL,276.185919525994,385.206016549648,0.0112119911382542,SYD,SIN,1.48102009587861,725,True
Gregville,East John,2023-05-27 01:11:57,0.734743855621736,131,10232,Charles Martin,Business,Silver,MEL-BNE,316.923448990266,147.547252460562,-0.418252836392144,SYD,LAX,1.40503462090619,3765,False
Murrayhaven,Lake Jennifermouth,2023-05-28 12:08:43,-0.955428648856946,33,10233,Barbara Wilson,Economy,Silver,BNE-SYD,497.098333277633,308.361331180795,0.755849682868094,SYD,LHR,1.66927325535903,3907,False
Thomasshire,Freemanfort,2023-11-02 21:42:25,-0.414297929173633,114,10234,Patricia Brown,First,Silver,BNE-SYD,332.574178162743,324.976389091914,0.395979701807361,BNE,LAX,1.13589211259285,4609,False
New Christopher,Kevinhaven,2023-03-09 08:56:09,0.670233184069002,137,10235,Charles Taylor,Business,Gold,SYD-MEL,337.848448722616,104.018916023252,0.441723100122528,SYD,LAX,1.06933090679106,2641,True
Michaelbury,Nelsonstad,2023-12-14 23:32:26,-1.40745023709487,60,10236,David Moore,Economy,Silver,BNE-SYD,536.097356668225,197.06351140725,1.02633953527075,BNE,LHR,0.905291537650076,2543,True
West Nicoleland,Vasquezhaven,2023-02-24 15:52:22,1.24150208774364,19,10237,Michael Rodriguez,Economy,Gold,BNE-SYD,172.470489970356,401.654755948133,-0.75922296747364,SYD,LHR,0.783410154196437,306,True
Ericaton,Scottbury,2023-11-23 20:02:23,0.162476440899234,83,10238,David Garcia,First,Gold,SYD-MEL,360.953204885326,556.320102633529,0.0173438546298992,SYD,SIN,0.834187173346945,4734,False
Cobbshire,Port Johnport,2023-02-22 10:20:35,0.153769967803395,158,10239,Jennifer Jackson,Business,Silver,BNE-SYD,331.409238236471,298.585476930871,0.251026588194404,SYD,LHR,1.35001925743339,877,True
West Richardmouth,Greenton,2023-10-30 17:50:41,1.25632167684196,179,10240,William Martinez,First,Silver,SYD-MEL,118.674969053652,188.879655627027,-0.325339815589513,MEL,LHR,0.954802579900332,1462,False
Edwardsbury,Cassandramouth,2023-02-06 14:17:52,-0.370995629606267,165,10241,Robert Gonzalez,Economy,Gold,MEL-BNE,222.77369235664,372.006563339816,1.12042197014653,MEL,LAX,0.455770854219454,4009,True
Kennedyfort,South Amy,2023-01-23 11:53:23,0.712469429082257,88,10242,Thomas Miller,Business,Silver,BNE-SYD,338.904048699346,252.993927734135,1.65341608057769,BNE,SIN,0.943348413892784,3494,False
Wileyland,East Alyssa,2023-09-03 22:24:57,-1.59867293727948,163,10243,Joseph Gonzalez,Business,Gold,BNE-SYD,342.823694495929,263.000738359993,1.65724028649125,BNE,LAX,0.910843050270528,4093,True
New Josephmouth,South Denisestad,2023-10-08 00:23:57,-1.02013594187698,20,10244,Linda Hernandez,Economy,Silver,MEL-BNE,290.896572335679,116.102089444202,0,SYD,LHR,1.28819378730541,2623,True
Owenborough,Kelleymouth,2023-03-11 17:08:25,-0.388735661006561,19,10245,Karen Williams,Business,Gold,BNE-SYD,369.952873961043,384.257103516584,-0.493240819810454,BNE,SIN,1.42863385033165,1104,True
Owenborough,Kelleymouth,2023-04-15 06:17:18,-0.380539524717737,30,10246,Charles Martinez,Business,Silver,BNE-SYD,461.605156616714,327.16195981737,-0.555491552797255,BNE,SIN,1.13566458210068,2942,True
Sandramouth,Rogersfort,2023-09-01 14:20:34,-1.4674471414119,50,10247,John Brown,Business,Silver,BNE-SYD,360.329024433077,262.680133375808,-0.687191317040387,SYD,SIN,0.847051139150475,2065,False
East Laura,New Jenniferfurt,2023-06-05 21:26:57,-1.4789796272839,63,10248,Linda Hernandez,Economy,Platinum,SYD-MEL,144.988665917827,214.69114274197,1.25710596010026,MEL,LHR,0.980364061969411,2482,False
New Ashley,West Victoriaside,2023-12-14 23:33:47,1.1407798513149,141,10249,Linda Davis,Economy,Gold,MEL-BNE,159.160558185673,206.030898367809,-0.935290955717634,MEL,LHR,1.51818378200046,4042,True
Jonesside,Cookshire,2023-04-13 22:02:40,0.172419232062123,166,10250,Patricia Thomas,Economy,Platinum,SYD-MEL,490.343376591547,405.976213499987,-0.795333381413876,SYD,SIN,0.951344519434668,4943,False
New Stevenfurt,Bondhaven,2023-01-06 02:39:28,1.22009500146487,143,10251,Michael Davis,Business,Gold,SYD-MEL,269.513197157748,201.651251438564,-0.17251842035793,MEL,LAX,0.999484635724335,4760,True
New Barbara,Lake Matthew,2023-05-13 17:14:37,-0.398083642727473,104,10252,Thomas Garcia,Economy,Platinum,SYD-MEL,435.119676442453,146.21362125925,0,BNE,SIN,1.2725885087677,4403,False
Susanberg,South Billy,2023-10-29 11:52:15,-0.868112544729096,139,10253,George Anderson,Economy,Platinum,MEL-BNE,362.484243644196,449.359505709752,-0.279952392827217,SYD,LHR,1.0930732104322,4038,False
Josephview,Port Garyport,2023-07-16 17:38:19,-0.409338266120724,133,10254,Barbara Jones,Economy,Gold,SYD-MEL,251.407020653459,578.13169029087,1.6404633946448,SYD,LAX,1.16383623208717,2331,False
Wileyland,East Alyssa,2023-02-24 14:09:18,-1.57123818476959,136,10255,Karen Hernandez,Economy,Platinum,BNE-SYD,468.933914091634,231.667400248636,1.85278690572859,BNE,LAX,0.799387158366276,2509,False
East Laura,New Jenniferfurt,2023-10-11 14:58:07,-1.35242120166833,56,10256,Richard Rodriguez,First,Platinum,SYD-MEL,150.970764087082,207.558419419124,1.43746602673489,MEL,LHR,1.15291723061554,3074,False
Port Edgar,Aliciaview,2023-02-15 22:58:16,-0.362076912614235,50,10257,Jessica Brown,Economy,Silver,BNE-SYD,309.638033373221,428.818815619617,-1.12114136112801,MEL,SIN,1.03696738708873,4396,False
Butlerside,East Morganburgh,2023-03-28 13:27:10,0.675253200865243,77,10258,John Moore,Business,Platinum,MEL-BNE,162.8511589568,341.858455161123,0.0548740212363963,SYD,SIN,1.09165186846662,518,True
Wileyland,East Alyssa,2023-09-30 05:41:50,-1.54616984279541,77,10259,Charles Anderson,Economy,Gold,BNE-SYD,455.241027227225,265.924078155779,1.8481666707792,BNE,LAX,0.736964037415147,2521,False
East Thomasland,North Jennifershire,2023-12-23 05:29:33,1.22046239748258,9,10260,Joseph Gonzalez,First,Gold,MEL-BNE,97.4824246790974,112.491285388763,-1.47607069489293,MEL,LHR,0.549832795014175,141,True
South Emily,East Jacob,2023-06-04 12:09:04,0.159098280073972,98,10261,Mary Hernandez,Economy,Gold,MEL-BNE,333.147548021626,165.1279155015,-0.15270718313006,MEL,LHR,1.022065949847,3757,True
Wandaborough,West Michael,2023-01-28 18:06:25,-0.406483337970586,25,10262,Sarah Gonzalez,Business,Platinum,BNE-SYD,273.049538024744,303.482524704349,2.04243459184817,BNE,LAX,0.756195368238132,3916,True
Walkerberg,Lake Matthewbury,2023-05-04 03:34:38,1.20334320787061,15,10263,Patricia Rodriguez,Economy,Platinum,MEL-BNE,575.951376550549,367.686262474535,0.373616734865878,BNE,LAX,0.817237368665495,3346,False
Marymouth,Port Patriciaton,2023-11-11 18:12:05,0.166429551408966,161,10264,Michael Lopez,Business,Silver,MEL-BNE,193.270108774128,357.752544484427,-0.0322130412835414,MEL,SIN,1.04191873678161,2041,False
West Nicoleland,Vasquezhaven,2023-03-27 07:16:13,1.35582505756263,2,10265,Richard Brown,Economy,Silver,BNE-SYD,185.584924277216,330.116245860002,-0.75404849146842,SYD,LHR,0.72458349845384,4945,True
North Selena,Katherineburgh,2023-11-18 10:49:26,-1.405888187367,106,10266,Jessica Wilson,First,Gold,SYD-MEL,406.795720123771,482.257627232926,0.325119056459485,SYD,SIN,1.11456141348344,1525,True
Marymouth,Port Patriciaton,2023-06-20 08:54:52,0.153954983897162,43,10267,Charles Thomas,Economy,Platinum,MEL-BNE,178.627272422447,338.923017452289,-0.0354129627836138,MEL,SIN,1.11730215101463,7,True
Martinezborough,Johnfurt,2023-10-03 11:32:13,-1.3258723650133,180,10268,Karen Miller,Economy,Silver,BNE-SYD,166.725470905188,240.564168082955,0.768092700670119,MEL,SIN,0.680304958264135,4567,False
East David,South Nicholasville,2023-04-11 19:51:13,-0.349891743417288,65,10269,Sarah Martin,Business,Silver,SYD-MEL,225.299933693393,530.620296175891,0.014299840053253,SYD,SIN,1.59138096725325,3470,False
Lindseyton,Lake Jesus,2023-12-17 16:06:52,-0.959868056408462,47,10270,Sarah Miller,First,Gold,BNE-SYD,288.348894759961,412.765476188049,0.0730815449619624,MEL,LHR,1.45542913612589,470,False
Lake Jeremyville,North Lawrencemouth,2023-03-26 16:51:30,0.151895540989584,50,10271,David Jackson,Economy,Platinum,MEL-BNE,288.668725175912,250.064291901072,-0.512175144115283,MEL,LAX,0.889049374708915,3752,False
Port Carolyn,Port Robert,2023-08-16 21:11:40,-1.34893033135724,64,10272,Jennifer Martin,Business,Gold,BNE-SYD,226.764548140744,231.504002382587,0.725430556379742,BNE,LHR,1.060335974272,4656,False
Pottsfort,Gutierrezport,2023-05-15 11:34:23,1.25030436056273,151,10273,Karen Williams,Business,Silver,BNE-SYD,342.670887805863,252.654914854618,-0.330500785376851,BNE,LAX,0.798966915351026,4916,False
Butlerside,East Morganburgh,2023-08-14 17:20:06,0.700859436806607,95,10274,Jennifer Hernandez,First,Silver,MEL-BNE,167.492916079313,456.350252924836,0.060442619872917,SYD,SIN,0.81570971765807,3313,False
New Guymouth,Jonesborough,2023-04-01 12:37:09,0.170499489278037,107,10275,Joseph Taylor,Economy,Gold,BNE-SYD,105.442681982744,400.582623609379,1.51154367699518,BNE,LHR,0.72482019550235,3976,True
Susanberg,South Billy,2023-11-28 03:40:40,-0.874688739467377,17,10276,Linda Garcia,Economy,Platinum,MEL-BNE,484.488017696058,561.846666265419,-0.39453717775324,SYD,LHR,0.936507558438909,1718,False
Flowersburgh,East Justin,2023-12-06 11:44:11,0.752141644058091,31,10277,Robert Rafaelyan,Business,Gold,SYD-MEL,357.100138999486,285.777235107821,-0.877589281758423,BNE,LHR,0.751796821805647,586,False
Michaelbury,Nelsonstad,2023-11-11 23:43:34,-1.42778986888077,87,10278,Michael Garcia,Business,Platinum,BNE-SYD,475.499386033601,223.641873482507,0.871112448637868,BNE,LHR,0.783899233228314,460,True
Pottsfort,Gutierrezport,2023-07-01 01:49:55,1.1509809206335,154,10279,Barbara Thomas,Economy,Silver,BNE-SYD,273.22028402863,311.820623940992,-0.392644816837191,BNE,LAX,0.863322191957019,3044,False
North Debbie,Mollyville,2023-04-12 03:06:30,-0.37874289291197,92,10280,Barbara Jackson,First,Gold,SYD-MEL,396.438776862912,541.761815934681,-0.219666645205115,BNE,SIN,1.06130050221112,3958,False
Lake Alexandrashire,Stephaniefort,2023-10-10 04:55:17,0.68890650807304,105,10281,Thomas Rodriguez,Business,Gold,SYD-MEL,160.034886181835,112.728492959257,0.418568965599081,MEL,LHR,1.04294690499705,576,False
Arnoldtown,Morriston,2023-05-01 22:57:27,0.167911635263825,3,10282,Charles Garcia,First,Silver,SYD-MEL,497.96589988948,225.675588581738,-1.22587719018363,SYD,LAX,0.631586286126189,943,False
Port Sheenatown,East Melissa,2023-12-16 15:21:06,1.20023940196613,113,10283,Jennifer Gonzalez,Economy,Platinum,MEL-BNE,521.295683542477,168.9651348336,1.06811657507229,BNE,SIN,1.80380144411531,428,True
Lake Gracefurt,Jamesberg,2023-07-16 12:38:45,-0.929206377471487,146,10284,Linda Gonzalez,Business,Platinum,BNE-SYD,287.612063462209,347.823487819328,-0.619039059846547,MEL,LAX,1.37203893259088,2596,False
Lake Stephaniefurt,South Mariaview,2023-11-06 13:05:59,0.180323978736802,152,10285,Robert Martin,Business,Silver,MEL-BNE,101.080224033035,166.755949097871,0.619659589133651,MEL,LHR,0.72224866934274,2018,False
Williamsville,East Connie,2023-03-21 00:26:11,-0.971573950083578,151,10286,John Wilson,Economy,Silver,MEL-BNE,165.924942429592,95.2343472536503,-0.35086278818939,SYD,LAX,0.773350854801386,1647,False
Simpsonstad,New Cathy,2023-11-10 04:03:45,-1.44383647120491,69,10287,Elizabeth Gonzalez,Economy,Silver,BNE-SYD,242.098350530769,319.108356776455,0.267074118138453,BNE,LAX,0.876424663070173,3209,True
West Vincentchester,North Stevenhaven,2023-09-08 08:36:13,-0.404222238044135,55,10288,Elizabeth Taylor,Business,Silver,BNE-SYD,135.726111845451,272.306399463778,1.65718572450489,MEL,LHR,1.52555303229138,4949,False
Samanthaport,Jeremyport,2023-03-30 22:23:25,-0.373536992957078,34,10289,John Jones,Economy,Platinum,SYD-MEL,280.64175315172,165.688713756224,-0.0470660637765656,MEL,LHR,1.11057100593191,615,True
West Vincentchester,North Stevenhaven,2023-09-19 15:35:23,-0.372264584709557,36,10290,David Rodriguez,First,Silver,BNE-SYD,157.103079265182,291.932198548676,1.28306699927122,MEL,LHR,1.65925683423781,4305,False
Coxburgh,Levineport,2023-07-13 18:00:58,-0.378073902247739,64,10291,William Williams,First,Silver,BNE-SYD,437.360100316852,231.02245771026,-0.122135621743683,BNE,LHR,1.25178969884478,2025,True
East Lori,Gallowaychester,2023-10-17 11:57:38,1.32111355883252,55,10292,Susan Williams,First,Silver,MEL-BNE,317.186055928757,522.616283402953,-0.369747216584651,SYD,LHR,0.754622450847636,3720,True
Murrayhaven,Lake Jennifermouth,2023-04-21 01:30:59,-0.951515393162621,57,10293,Karen Johnson,Business,Platinum,BNE-SYD,524.721213134781,277.456407345927,0.693979014109218,SYD,LHR,1.38129483885431,4675,False
Gregville,East John,2023-07-01 06:57:12,0.770849532529184,148,10294,David Gonzalez,Economy,Silver,MEL-BNE,330.821571358676,179.361293123135,-0.378932302517186,SYD,LAX,1.5926215903108,55,True
Tiffanychester,Hughesland,2023-09-25 08:52:09,-0.364548066996113,33,10295,Patricia Garcia,Economy,Silver,SYD-MEL,394.801462622213,196.880272564795,2.13403469266639,BNE,SIN,1.28556287719593,3691,True
North Karenstad,Ashleyburgh,2023-03-15 01:48:16,-1.42352546207887,16,10296,Thomas Brown,Business,Platinum,SYD-MEL,465.452239687037,371.049029900935,-0.81430679954656,BNE,LAX,0.928492275586199,2850,False
East Alejandra,Berryberg,2023-03-15 23:29:06,0.727928604828281,95,10297,Karen Rafaelyan,First,Gold,MEL-BNE,219.519317072759,252.859031349172,-1.72732777291872,BNE,SIN,0.614569044671822,821,True
Mcdonaldmouth,Ryanfort,2023-03-29 01:12:42,1.14480544339466,168,10298,Barbara Garcia,Economy,Platinum,MEL-BNE,393.848580094535,212.848531327841,1.1069031959378,BNE,LHR,0.618660046683682,2096,True
Brittneychester,South Patricia,2023-04-13 18:04:27,-1.55417913756,52,10299,George Anderson,Economy,Silver,SYD-MEL,241.060564406281,299.057044050719,0.237410169534995,BNE,LAX,1.35330367240694,3187,True
Lake Billyland,Loganchester,2023-10-24 07:43:08,1.27389997709053,118,10300,David Miller,Business,Platinum,MEL-BNE,192.146786713625,357.400974942614,-1.36961743167068,BNE,LAX,1.05383547674043,3887,False
Walkerberg,Lake Matthewbury,2023-10-18 07:01:16,1.26906440266724,7,10301,Robert Johnson,Economy,Silver,MEL-BNE,467.785859613923,293.794416378596,0.37908710183779,BNE,LAX,1.05605889392331,636,False
Josechester,East Michellechester,2023-05-27 18:55:27,-0.419486567870017,132,10302,William Gonzalez,Economy,Platinum,SYD-MEL,159.212545783754,309.219630547203,-0.0123572986259541,BNE,LAX,1.09170645032533,3668,False
Port Tina,Cherylmouth,2023-03-11 22:05:49,1.28756626817694,97,10303,Jennifer Lopez,Economy,Platinum,BNE-SYD,272.363553506585,314.212301250371,0.324915905357993,BNE,SIN,0.859334161473018,2972,True
North Lorifurt,Johnsontown,2023-01-12 22:15:52,1.20095736582043,97,10304,William Davis,Business,Platinum,BNE-SYD,350.95732260758,525.025082355209,1.14889327395869,MEL,LAX,0.812361739647351,4963,False
Kennedyfort,South Amy,2023-02-26 13:49:26,0.695346529662883,1,10305,John Jackson,Business,Gold,BNE-SYD,275.948090744467,354.51596068642,1.74064478290767,BNE,SIN,0.923778715880617,4163,False
Wilsonstad,Lake Johnmouth,2023-11-22 20:29:03,1.16658844377993,91,10306,Elizabeth Williams,First,Silver,MEL-BNE,434.426047475881,333.244737249322,-0.966216703823923,MEL,LHR,0.554849867218612,1328,False
Lake Gracefurt,Jamesberg,2023-05-24 19:54:52,-0.910148089724625,76,10307,David Johnson,Economy,Gold,BNE-SYD,338.835893957176,362.771538015666,-0.501757306403175,MEL,LAX,1.26607246321218,1907,False
Port Sheenatown,East Melissa,2023-01-28 14:59:23,1.29899347936357,176,10308,Patricia Davis,Economy,Gold,MEL-BNE,448.799495920025,168.914841566093,1.37127553471871,BNE,SIN,1.73365139561363,3751,True
Sandramouth,Rogersfort,2023-08-18 04:37:00,-1.39315761770935,112,10309,Jessica Johnson,First,Platinum,BNE-SYD,272.91081872571,215.474834820883,-0.716323120418615,SYD,SIN,1.06004627339951,2740,True
Kennedyfort,South Amy,2023-06-21 00:42:17,0.797633196763609,134,10310,Karen Anderson,First,Silver,BNE-SYD,361.170624159489,281.901536945274,1.60439722251004,BNE,SIN,0.972848044277739,2105,False
New Josephmouth,South Denisestad,2023-11-07 01:51:19,-1.01232609375257,141,10311,Susan Garcia,First,Platinum,MEL-BNE,319.415691453332,133.551404776531,-0.561075606688262,SYD,LHR,0.978091399544384,3881,True
Butlerside,East Morganburgh,2023-10-05 14:32:24,0.710985463091637,59,10312,Richard Gonzalez,Economy,Platinum,MEL-BNE,160.720866565702,434.77275581933,0.0530726514046015,SYD,SIN,1.08115910324276,515,True
Port Sheenatown,East Melissa,2023-12-06 01:27:31,1.37047697420124,129,10313,Charles Rafaelyan,Business,Silver,MEL-BNE,458.923477554565,170.673530239547,1.28494818457941,BNE,SIN,1.82669216896392,3593,False
Aprilchester,North Jeffreyside,2023-01-02 10:57:55,0.667767176526588,83,10314,Michael Wilson,First,Silver,MEL-BNE,161.240612310461,159.712550011019,-1.37696846672107,BNE,LAX,1.28306198088178,2586,False
Port Sheenatown,East Melissa,2023-08-13 10:42:18,1.36670329331879,71,10315,Jennifer Thomas,Economy,Platinum,MEL-BNE,540.230375164681,173.071548084973,1.37533385102916,BNE,SIN,1.50130134014786,2147,True
New Christopher,Kevinhaven,2023-09-12 17:13:33,0.758358687408887,145,10316,Robert Hernandez,Economy,Gold,SYD-MEL,454.81517251804,108.043494571752,0.429035893283583,SYD,LAX,1.30971474876586,1267,False
Julianberg,North Brittneychester,2023-06-04 22:47:15,1.23364478247145,165,10317,John Rodriguez,First,Gold,MEL-BNE,284.054285980405,444.209070684785,-1.35821129788473,MEL,SIN,0.655679282482256,1323,False
Hardyberg,Valenciachester,2023-09-07 05:16:24,-1.4924086752684,13,10318,Elizabeth Lopez,First,Silver,SYD-MEL,528.065372194621,203.116649051574,-1.63067152260401,SYD,LHR,0.793561927493835,823,True
Wilsonstad,Lake Johnmouth,2023-04-16 01:55:19,1.32163005336042,136,10319,Elizabeth Thomas,Business,Gold,MEL-BNE,441.55716980094,370.247839894079,-0.907252518092919,MEL,LHR,0.564538836804567,4371,False
Thomasshire,Freemanfort,2023-07-15 00:59:41,-0.406630894186288,26,10320,Charles Taylor,First,Platinum,BNE-SYD,294.461201340904,388.12610700853,0.356430720886973,BNE,LAX,1.34750936076012,4683,False
New Christopher,Kevinhaven,2023-12-15 03:35:03,0.770306047427753,24,10321,Karen Brown,First,Platinum,SYD-MEL,410.498898863919,93.8158000398841,0.447740390610978,SYD,LAX,1.04665181560041,193,False
New Guymouth,Jonesborough,2023-10-03 01:25:45,0.170194377573623,123,10322,Richard Rafaelyan,Business,Gold,BNE-SYD,128.970998069621,483.900725765974,1.56917014940353,BNE,LHR,0.92320464702086,1413,False
Michaelchester,Fullerbury,2023-11-23 14:46:01,0.652419045857078,15,10323,George Miller,Economy,Silver,BNE-SYD,308.54196339714,384.977077934375,-1.08947253554971,MEL,LAX,0.776414714456813,167,False
Gregville,East John,2023-10-18 14:10:39,0.709364429042187,63,10324,Joseph Thomas,First,Gold,MEL-BNE,328.351766756805,180.516081918402,-0.378956071538941,SYD,LAX,1.38495735937097,493,False
Hardyberg,Valenciachester,2023-06-13 21:38:48,-1.65959143528578,121,10325,Mary Davis,Economy,Silver,SYD-MEL,470.145899407754,181.625829564744,-1.66034424575757,SYD,LHR,0.860404940982436,4534,False
Stevenville,Nicholasberg,2023-05-12 12:25:51,0.159309690606308,180,10326,David Martinez,First,Gold,MEL-BNE,453.181332059002,329.942980579935,-0.971532167816979,BNE,LHR,1.50520375333423,3717,False
North Evelynland,Lucasstad,2023-09-20 05:29:18,-0.950439055322277,165,10327,Karen Rodriguez,Business,Platinum,MEL-BNE,255.518482885868,315.501900583217,1.36279913618646,BNE,LHR,0.952272357250804,2999,True
East David,South Nicholasville,2023-10-05 08:15:42,-0.424137783478261,132,10328,Susan Williams,Economy,Silver,SYD-MEL,245.525677481103,446.576054281144,0.0143388372639073,SYD,SIN,1.33635105779955,2497,True
West Ericland,South Tara,2023-09-19 05:03:44,1.22598704258845,85,10329,Elizabeth Jackson,First,Silver,BNE-SYD,174.264454163457,364.726215105889,-0.380836944303504,SYD,LAX,0.808625179671373,4168,True
Port Edgar,Aliciaview,2023-11-07 12:59:39,-0.372187139006912,106,10330,Mary Rodriguez,Economy,Platinum,BNE-SYD,320.803525469962,466.031270329709,-1.03356785538834,MEL,SIN,0.895924323004413,4819,False
Port Robert,Morenofort,2023-06-04 03:54:48,0.160281614848335,48,10331,Susan Lopez,Business,Gold,MEL-BNE,541.284558791926,389.300968733998,0.889145915788893,BNE,SIN,1.38166260301545,4211,True
Port Michellefort,East Davidbury,2023-09-13 00:07:16,0.154612912873247,143,10332,John Davis,Economy,Platinum,SYD-MEL,482.672231965779,195.414251165509,-0.343303429513225,MEL,LAX,1.17525920805354,2786,False
Gregville,East John,2023-04-09 19:10:29,0.698855002628594,77,10333,Thomas Hernandez,First,Silver,MEL-BNE,366.746061189181,139.058299246532,-0.501103466378839,SYD,LAX,1.46205397296472,901,True
Port Sheenatown,East Melissa,2023-08-18 12:51:42,1.36264464150041,42,10334,Patricia Anderson,First,Silver,MEL-BNE,564.150796151166,136.13672493388,1.09452678947025,BNE,SIN,1.2247721582649,4956,True
West Nicoleland,Vasquezhaven,2023-12-12 01:48:03,1.26530087123516,98,10335,Linda Martin,Business,Gold,BNE-SYD,165.003709491991,441.377391826524,0,SYD,LHR,0.767647968086716,3120,False
Williamsville,East Connie,2023-02-19 03:50:27,-0.935370372228577,168,10336,Michael Rafaelyan,Business,Silver,MEL-BNE,179.876609882822,101.846362487119,-0.28648864616068,SYD,LAX,0.717651954205697,379,True
North Selena,Katherineburgh,2023-03-16 02:51:26,-1.62987755141589,102,10337,Charles Hernandez,Business,Gold,SYD-MEL,472.548281544475,413.18754515017,0.254753165443637,SYD,SIN,1.53270160677283,3625,True
New Barbara,Lake Matthew,2023-04-14 14:17:51,-0.357557496755378,154,10338,Karen Jackson,Business,Platinum,SYD-MEL,497.971367767845,161.912354713697,-0.91247112745529,BNE,SIN,1.16931195838735,1286,False
Port Tina,Cherylmouth,2023-10-12 18:16:51,1.23182238066171,60,10339,Karen Johnson,First,Silver,BNE-SYD,226.198019456551,311.834837701698,0.290835594744132,BNE,SIN,0.797953448689619,2356,False
Aprilchester,North Jeffreyside,2023-07-16 07:59:33,0.785744246690524,114,10340,Barbara Davis,First,Silver,MEL-BNE,129.291419153995,167.344349457824,-1.09119830248883,BNE,LAX,1.0007607776389,3222,False
Gregville,East John,2023-05-13 15:29:11,0.748960745445066,2,10341,William Moore,First,Gold,MEL-BNE,375.596568170515,182.578358109462,-0.398478322644174,SYD,LAX,1.59927534889581,2468,False
Josechester,East Michellechester,2023-03-21 03:14:36,-0.360737331977089,79,10342,David Lopez,Business,Silver,SYD-MEL,154.792297110129,315.046151719076,-0.00999806968158225,BNE,LAX,1.43044606184957,4043,True
Michaelchester,Fullerbury,2023-04-16 23:36:37,0.714326697599182,19,10343,Charles Martinez,Business,Gold,BNE-SYD,287.033779044057,407.283213401809,-1.1334733115319,MEL,LAX,0.761728526762242,1225,True
South Brenda,Nicholsshire,2023-12-13 00:50:29,0.644788585941035,7,10344,Charles Martin,Business,Gold,BNE-SYD,271.224890396506,149.858161677286,-1.14141983552923,SYD,LHR,1.82437662543967,3246,False
South Deborah,New Kathrynburgh,2023-11-23 11:23:05,0.159152272282023,169,10345,Jessica Anderson,Economy,Gold,MEL-BNE,235.278731657674,365.439600936879,-1.83041523563571,SYD,SIN,0.792030391664423,4007,False
Wileyland,East Alyssa,2023-05-28 13:29:09,-1.51086548084768,110,10346,Barbara Moore,First,Platinum,BNE-SYD,435.828300727327,213.866301156084,1.79933335470306,BNE,LAX,0.821546160586533,7,True
Lake Jeremyville,North Lawrencemouth,2023-08-30 02:40:15,0.155237118646901,159,10347,David Brown,Business,Silver,MEL-BNE,382.868138284671,299.291822125854,-0.603688401727151,MEL,LAX,0.917786503334847,4514,True
East Erica,South Allenbury,2023-04-04 13:56:53,1.33889795178088,160,10348,Thomas Wilson,Economy,Silver,MEL-BNE,241.490371084727,117.592352605808,-0.58155714279926,BNE,SIN,0.455035627723919,3492,False
Lake Stephaniefurt,South Mariaview,2023-04-05 14:59:36,0.154486097917221,74,10349,Barbara Rafaelyan,First,Gold,MEL-BNE,122.418543815281,143.297270204009,0.681137056743105,MEL,LHR,0.904142770980518,908,True
Brittneychester,South Patricia,2023-10-30 15:39:49,-1.52279050569098,11,10350,Charles Martinez,First,Silver,SYD-MEL,262.077177959966,262.243865374658,0.185870214699622,BNE,LAX,1.12081206461674,2162,True
Arnoldtown,Morriston,2023-07-10 02:56:01,0.17226796222285,121,10351,David Johnson,Economy,Gold,SYD-MEL,472.658218034284,213.137418619299,-0.97006362661682,SYD,LAX,0.673563035360227,3490,True
Lake Billyland,Loganchester,2023-09-16 15:51:19,1.38924295492596,127,10352,Thomas Lopez,Business,Platinum,MEL-BNE,207.518642092069,290.582938396937,0,BNE,LAX,0.951828576373857,3408,True
Port Jason,Mannshire,2023-11-03 23:30:07,-0.985306609603634,168,10353,Linda Rafaelyan,First,Gold,MEL-BNE,474.046724867098,102.315653371708,0.630861443331857,BNE,LAX,1.45860690684517,608,False
Flowersburgh,East Justin,2023-06-03 16:34:36,0.678249267974446,148,10354,Barbara Garcia,Economy,Gold,SYD-MEL,278.487840145261,244.660422203714,-1.01347346325091,BNE,LHR,0.725380782014866,2407,True
South Deborah,New Kathrynburgh,2023-11-09 02:04:37,0.176803878292948,116,10355,Barbara Martin,Business,Silver,MEL-BNE,185.372532967568,330.777512839015,-1.37979056663647,SYD,SIN,0.850697353457732,1630,True
South Samanthaberg,Lake Meganside,2023-08-28 16:53:57,0.748495210528608,1,10356,Jessica Taylor,First,Silver,MEL-BNE,156.336403033234,497.365290593524,1.76877136064022,MEL,LAX,1.37940880243749,107,False
Brittanyview,Elizabethview,2023-11-20 10:18:28,-0.373485316696576,175,10357,Michael Wilson,First,Gold,BNE-SYD,356.249545601606,288.945165102733,-0.994660470342686,MEL,LHR,0.825002932085033,340,True
South Staceyhaven,West Kenneth,2023-06-28 20:29:20,-1.58785609357738,117,10358,George Davis,Economy,Silver,BNE-SYD,170.295551740695,292.645743458875,-0.550812294522781,BNE,SIN,0.50867693181498,597,True
West Richardmouth,Greenton,2023-06-26 21:05:47,1.32629555881962,128,10359,Joseph Garcia,Economy,Silver,SYD-MEL,100.701912042106,232.721852455898,-0.345060548349483,MEL,LHR,0.923262632937992,4109,False
New Michelle,Wallacehaven,2023-10-20 03:09:43,0.791096274658357,89,10360,Elizabeth Johnson,Economy,Gold,MEL-BNE,166.280291976721,234.69054614064,-1.33644505557048,SYD,SIN,1.01697036143945,3808,True
South Kimberlyland,North William,2023-04-13 18:07:39,-0.998059756498061,176,10361,Susan Thomas,First,Silver,BNE-SYD,270.046440897315,109.442776050483,1.86677655865249,SYD,SIN,1.61224104430883,1631,True
Gregville,East John,2023-01-17 21:04:00,0.763927106439353,176,10362,Barbara Davis,First,Gold,MEL-BNE,366.358631674028,192.846476673802,-0.493822505607413,SYD,LAX,1.38498826282343,4917,False
East Laura,New Jenniferfurt,2023-03-02 07:14:26,-1.3469617717616,58,10363,George Martinez,First,Gold,SYD-MEL,179.491791720456,283.089212038201,1.31599266742174,MEL,LHR,0.813557767394491,3008,True
North Debbie,Mollyville,2023-08-27 06:24:17,-0.37166741714834,152,10364,Susan Anderson,Economy,Gold,SYD-MEL,450.123562859326,516.887698777731,-0.254456116929314,BNE,SIN,1.12774744311307,1426,False
West Ericland,South Tara,2023-01-24 07:16:35,1.17864656872459,171,10365,Thomas Lopez,Economy,Platinum,BNE-SYD,145.32473927476,412.698669300543,-0.392840217732097,SYD,LAX,0.656446507700473,4464,False
North Selena,Katherineburgh,2023-07-06 06:58:45,-1.36078848946699,126,10366,Patricia Jones,First,Gold,SYD-MEL,529.750784257356,464.885465998551,0.319436010447066,SYD,SIN,1.3656150869081,3360,True
East David,South Nicholasville,2023-03-09 15:25:54,-0.40103827798647,51,10367,David Wilson,Business,Platinum,SYD-MEL,244.310021534666,383.04729661683,0.014543776056567,SYD,SIN,1.33428261759141,4020,True
New Christopher,Kevinhaven,2023-02-23 15:56:51,0.798228915753142,16,10368,Karen Brown,First,Silver,SYD-MEL,419.677379517745,79.794006848045,0.418878231974989,SYD,LAX,1.42793055921583,2207,True
North Gregorymouth,Christinaville,2023-10-23 09:07:35,-0.34670740851104,167,10369,Michael Garcia,First,Gold,MEL-BNE,109.955050944679,530.319014229712,0.111826924749926,MEL,SIN,1.16758188712276,2879,False
Kennedyfort,South Amy,2023-07-29 12:46:53,0.727061059672229,93,10370,Joseph Thomas,Economy,Silver,BNE-SYD,365.638015654098,355.862044263504,1.60979279876737,BNE,SIN,0.790039811398839,2009,False
Coxburgh,Levineport,2023-06-03 01:44:24,-0.413419891504371,71,10371,Charles Miller,Business,Silver,BNE-SYD,452.763197148452,208.748034144851,-0.100452798042496,BNE,LHR,1.3200020123469,177,False
Port Michellefort,East Davidbury,2023-09-10 04:28:07,0.160432787111854,180,10372,Michael Thomas,First,Gold,SYD-MEL,419.094897971904,273.737604397577,-0.436466798738016,MEL,LAX,1.5179131968793,2108,False
Butlerside,East Morganburgh,2023-01-20 10:38:36,0.775799405115268,146,10373,Charles Davis,Economy,Gold,MEL-BNE,159.59056497992,401.847922133514,0.0723025715354372,SYD,SIN,0.759971381477507,2389,False
Josechester,East Michellechester,2023-11-06 20:04:45,-0.349940790001467,47,10374,David Wilson,Business,Gold,SYD-MEL,151.2793379195,292.04503818365,-0.00838459902148718,BNE,LAX,1.33132348145475,1709,False
Hardyberg,Valenciachester,2023-01-29 08:11:43,-1.64645933406379,138,10375,William Davis,First,Gold,SYD-MEL,429.851842413794,161.41390749764,-1.4890471507941,SYD,LHR,0.866465794793229,2501,False
North Evelynland,Lucasstad,2023-01-25 12:17:43,-0.896567664082656,142,10376,Charles Hernandez,First,Platinum,MEL-BNE,235.311028433735,321.472437131847,1.45203044993096,BNE,LHR,1.09909961144768,4640,False
Port Michellefort,East Davidbury,2023-12-01 10:42:41,0.159712378215925,6,10377,Linda Martinez,Business,Platinum,SYD-MEL,441.586621371239,207.995159586851,-0.398389419574026,MEL,LAX,1.55955179022467,4525,False
East Alejandra,Berryberg,2023-09-18 02:07:46,0.730289603266552,160,10378,Jessica Thomas,Business,Platinum,MEL-BNE,182.960316812802,216.028883753281,-1.71922537779352,BNE,SIN,0.735606198616276,316,False
New Ashley,West Victoriaside,2023-09-21 14:26:07,1.3427095459307,85,10379,Patricia Jackson,Business,Gold,MEL-BNE,131.714637435047,199.566455154607,-0.919438046258128,MEL,LHR,1.36785199231108,2494,True
North Gregorymouth,Christinaville,2023-08-02 00:51:44,-0.364161597376301,4,10380,Patricia Davis,Business,Gold,MEL-BNE,139.2146882823,429.365957220687,0.121789325401871,MEL,SIN,1.44917597998219,4014,True
New Michelle,Wallacehaven,2023-02-09 00:02:15,0.760740628854101,112,10381,Barbara Martin,Business,Platinum,MEL-BNE,135.534458903772,214.170944946325,-1.52499955502503,SYD,SIN,1.18969559643788,2547,False
Lake Johnfurt,South Brittany,2023-08-18 19:20:34,-0.373601629467155,49,10382,Michael Johnson,Economy,Gold,SYD-MEL,439.59563367217,392.199436497171,-1.13850495648298,SYD,LHR,0.960916057524901,267,False
Mcdonaldmouth,Ryanfort,2023-06-28 23:00:30,1.24693751133159,21,10383,David Hernandez,Economy,Gold,MEL-BNE,375.818684230098,275.019242443849,1.38073499849922,BNE,LHR,0.448322850222536,3710,False
Port Edgar,Aliciaview,2023-01-20 02:47:58,-0.371576062928776,94,10384,George Wilson,First,Gold,BNE-SYD,257.660707026353,483.03224216437,-1.34310612182899,MEL,SIN,1.05634674822665,2492,False
Julianberg,North Brittneychester,2023-08-29 06:03:03,1.37352603045765,88,10385,Jennifer Lopez,Business,Gold,MEL-BNE,278.091700024085,312.276048716089,-1.66947083545176,MEL,SIN,0.781279729314664,2019,True
South Kimberlyland,North William,2023-03-23 08:34:21,-0.872615706395561,71,10386,Susan Martinez,Business,Gold,BNE-SYD,332.03199919257,109.150585696252,2.1837167377101,SYD,SIN,1.71995128283666,4106,True
Sandramouth,Rogersfort,2023-08-18 20:25:33,-1.59188187597407,180,10387,Susan Brown,Economy,Silver,BNE-SYD,335.899253140444,283.626280262761,-0.665461488502603,SYD,SIN,1.01959224156743,4789,False
New Guymouth,Jonesborough,2023-10-14 03:15:15,0.177160793089186,32,10388,Robert Martinez,First,Platinum,BNE-SYD,109.978613930248,517.509042634041,1.84595102069736,BNE,LHR,0.927910154970407,3767,False
Gregorystad,Hamiltonburgh,2023-10-19 03:28:13,-1.41888178970585,52,10389,Sarah Anderson,First,Silver,MEL-BNE,278.576694491183,175.103374814717,-1.09652350792543,MEL,SIN,1.02945822055848,1248,True
Cobbshire,Port Johnport,2023-09-28 14:18:58,0.151801844734913,71,10390,Charles Rafaelyan,First,Silver,BNE-SYD,284.766093650653,360.994649771634,0.180069836468765,SYD,LHR,0.959840320361976,1974,False
Port Sheenatown,East Melissa,2023-11-17 13:58:50,1.31337803454975,143,10391,Karen Thomas,Economy,Gold,MEL-BNE,530.370613164172,145.860188832021,1.25820539320607,BNE,SIN,1.73465264678536,1150,True
Lake Jeremyville,North Lawrencemouth,2023-07-31 19:39:48,0.150241242639266,95,10392,David Moore,Economy,Platinum,MEL-BNE,393.630113502565,241.829791129901,-0.44086580373554,MEL,LAX,1.00303675264107,1542,False
Reyesshire,Rogershaven,2023-04-29 06:05:08,1.26576086266159,167,10393,Michael Davis,Business,Silver,MEL-BNE,156.396682415281,461.74312010121,-0.06356242320015,SYD,LHR,1.00721298566847,4051,False
Port Cory,Russellberg,2023-12-12 06:57:19,1.31799779193738,142,10394,Patricia Moore,Economy,Platinum,MEL-BNE,275.84967449639,284.061131229318,1.77335671349351,BNE,LAX,1.38341048428039,4015,False
Wandaborough,West Michael,2023-01-18 11:15:09,-0.412125564163134,151,10395,William Davis,Economy,Platinum,BNE-SYD,276.045224794455,342.214004367888,1.81509151875901,BNE,LAX,0.715396190927858,2248,False
Port Michellefort,East Davidbury,2023-10-07 06:10:19,0.164973190266886,12,10396,Charles Lopez,Business,Silver,SYD-MEL,447.322596798694,221.192721178775,-0.415193597176066,MEL,LAX,1.39006585180746,1756,False
Jameshaven,East Lauren,2023-07-04 10:02:25,1.27592681735935,155,10397,Jennifer Garcia,Business,Gold,MEL-BNE,120.573355422958,202.2787906098,0.500046461813656,MEL,LAX,1.37129098674232,3214,False
North Evelynland,Lucasstad,2023-02-27 04:09:06,-0.858633480726047,172,10398,Richard Thomas,Economy,Gold,MEL-BNE,306.632676083875,320.64883373269,1.14469574110399,BNE,LHR,0.980279326159483,841,True
Michaelchester,Fullerbury,2023-05-14 17:05:45,0.764488132431567,135,10399,David Gonzalez,First,Gold,BNE-SYD,248.086372318715,306.798666631368,-0.833157661016437,MEL,LAX,0.615881322873207,2034,False
Gregville,East John,2023-05-21 03:24:07,0.683007579900641,119,10400,Susan Lopez,Economy,Silver,MEL-BNE,286.155389898948,199.833388282226,-0.430260507530048,SYD,LAX,1.33289459603235,2231,False
Ericaton,Scottbury,2023-03-04 12:26:47,0.174591892470195,174,10401,Mary Gonzalez,First,Platinum,SYD-MEL,454.041995155113,519.289421042989,0.0167303653145194,SYD,SIN,0.968696682251507,1710,False
Brittneychester,South Patricia,2023-08-08 06:12:34,-1.44827110015557,91,10402,Elizabeth Moore,First,Silver,SYD-MEL,255.604207983506,321.911005395527,0,BNE,LAX,0.975897566556514,2136,False
Gregville,East John,2023-09-26 11:55:36,0.693528436730107,40,10403,Patricia Jackson,Business,Silver,MEL-BNE,357.501226857825,185.145024360095,-0.402206869060223,SYD,LAX,1.32363535412264,190,True
North Karenstad,Ashleyburgh,2023-04-18 11:13:02,-1.67570289626207,117,10404,Joseph Rafaelyan,First,Platinum,SYD-MEL,372.606369912106,434.791285204392,-0.757843518037589,BNE,LAX,1.18405705607783,2116,True
Port Sheenatown,East Melissa,2023-10-22 01:28:42,1.24318934413956,38,10405,Thomas Garcia,Business,Gold,MEL-BNE,481.569809537897,147.715623897846,1.19640732365934,BNE,SIN,1.41253091801972,4337,True
New Michelle,Wallacehaven,2023-08-31 03:13:44,0.687895372386527,162,10406,Robert Rodriguez,First,Silver,MEL-BNE,154.61913174095,227.770494650107,-1.38860408273283,SYD,SIN,0.992584041177787,2661,False
Leeberg,Higginstown,2023-04-06 04:01:32,-0.91002162489899,100,10407,Sarah Williams,First,Platinum,MEL-BNE,492.113898633357,494.154272406333,-1.14528130845767,SYD,LAX,1.29280574728846,2102,False
Port Michellefort,East Davidbury,2023-07-17 19:56:32,0.169249274443184,14,10408,Elizabeth Taylor,First,Silver,SYD-MEL,563.34781430399,230.102478185849,-0.422751100112488,MEL,LAX,1.72770910583214,951,False
West Randyton,West Dannyport,2023-03-19 22:29:36,0.160563519645359,132,10409,John Miller,Economy,Silver,BNE-SYD,319.074108621523,113.476131222937,1.29009189017691,BNE,LHR,1.25387279329557,3405,True
Susanberg,South Billy,2023-12-08 21:44:31,-0.871075726495991,18,10410,Sarah Miller,Economy,Gold,MEL-BNE,346.624379469276,575.685737587241,-0.372176427641852,SYD,LHR,0.912350613912293,3104,True
East Francesborough,Port Kristi,2023-09-02 13:47:01,1.30003227543816,146,10411,John Martinez,Economy,Silver,SYD-MEL,500.918997333321,359.208822980564,-1.71410113547398,BNE,LHR,0.724915673635213,714,True
Hardyberg,Valenciachester,2023-09-02 03:40:57,-1.66580093699417,169,10412,Michael Miller,Business,Silver,SYD-MEL,365.3428044138,193.438296138326,-1.64442085088984,SYD,LHR,1.00584101701362,3313,False
Cobbshire,Port Johnport,2023-01-02 13:37:55,0.161746508789274,146,10413,Susan Miller,Economy,Gold,BNE-SYD,295.370422570142,372.542879026742,0.184232709272093,SYD,LHR,1.26262552870526,490,False
West Vincentchester,North Stevenhaven,2023-10-15 14:54:07,-0.350350374043562,166,10414,Susan Martinez,Business,Silver,BNE-SYD,130.212601724916,286.715164201852,1.64364186178418,MEL,LHR,1.88064922645239,4000,True
Lake Alexandrashire,Stephaniefort,2023-02-15 05:46:54,0.772844760259202,44,10415,Jessica Jackson,Economy,Platinum,SYD-MEL,216.833577405989,102.479425943039,0.403956908317411,MEL,LHR,1.05109327921966,180,True
Josephview,Port Garyport,2023-01-07 05:13:34,-0.400748702502248,93,10416,William Jones,First,Silver,SYD-MEL,294.496842919695,527.898343075342,1.52055904767699,SYD,LAX,1.13446122073652,708,False
Reyesshire,Rogershaven,2023-09-15 11:41:33,1.26146823390363,146,10417,Elizabeth Wilson,Economy,Silver,MEL-BNE,199.397893124454,327.658476297864,-0.0601061827842105,SYD,LHR,0.896580151359498,224,True
North Karenstad,Ashleyburgh,2023-03-04 20:08:40,-1.4640462961905,77,10418,Linda Wilson,Economy,Gold,SYD-MEL,360.139494757577,404.262284302544,-0.849352447487458,BNE,LAX,1.17805558097591,4663,False
Ericaton,Scottbury,2023-09-09 01:15:14,0.149049795782619,34,10419,George Jackson,First,Platinum,SYD-MEL,315.626415925391,507.788571497697,0.0181956637091579,SYD,SIN,1.03448037170884,2652,False
East Francesborough,Port Kristi,2023-10-15 13:52:09,1.23114283718683,180,10420,Barbara Garcia,Business,Gold,SYD-MEL,468.894230085889,319.516783608526,-1.6656669159536,BNE,LHR,0.682981768831724,917,True
Lake Alexandrashire,Stephaniefort,2023-11-16 09:46:23,0.759642459536617,114,10421,Susan Johnson,Economy,Gold,SYD-MEL,154.154267788671,89.5947975481183,0.479167158589134,MEL,LHR,1.23758591851637,1567,False
South Brittany,Fitzgeraldbury,2023-10-26 23:45:02,-1.56000893739904,89,10422,Karen Thomas,Economy,Platinum,SYD-MEL,528.864201512407,256.323211585137,1.76827692093021,BNE,SIN,0.891449347864935,3142,True
Lake Johnfurt,South Brittany,2023-09-10 12:33:46,-0.413799971428011,26,10423,Karen Jackson,First,Platinum,SYD-MEL,474.633512914649,472.893326362059,-1.2370744849741,SYD,LHR,1.09219591434822,4430,True
Gregorystad,Hamiltonburgh,2023-05-21 11:58:35,-1.54905773158716,114,10424,Mary Gonzalez,Economy,Gold,MEL-BNE,206.605434792874,233.631045371513,-1.48790818968075,MEL,SIN,1.15352202768153,3573,False
Lake Davidshire,Lake Shawn,2023-08-03 11:28:02,-0.445659114184474,0,10425,Michael Johnson,First,Gold,SYD-MEL,398.577039952433,169.890580496152,0.868236978214646,MEL,LHR,1.21380389661219,1947,False
Lake Stephaniefurt,South Mariaview,2023-11-15 10:12:58,0.184859975244996,1,10426,Elizabeth Gonzalez,First,Gold,MEL-BNE,122.41760105249,170.243435686537,0.509387860126225,MEL,LHR,0.84141992871091,3013,True
Leeberg,Higginstown,2023-09-29 03:45:46,-0.948303937778098,51,10427,Barbara Garcia,Business,Platinum,MEL-BNE,419.392966787665,496.894373517811,-1.49240318495026,SYD,LAX,1.20502789384963,2490,True
North Gregorymouth,Christinaville,2023-06-20 16:13:00,-0.393552237604221,34,10428,Richard Wilson,Business,Platinum,MEL-BNE,114.696862365689,574.636292732072,0.095734392154563,MEL,SIN,1.63554724638782,2273,True
Lake Jeremyville,North Lawrencemouth,2023-02-22 10:04:09,0.150760102019342,88,10429,Charles Jones,Business,Silver,MEL-BNE,350.812283790903,323.682350367758,-0.496652983789703,MEL,LAX,0.819282603534948,2082,False
Kennedyfort,South Amy,2023-01-19 18:23:50,0.739501649981235,97,10430,Joseph Garcia,Economy,Gold,BNE-SYD,263.058999092571,340.009604717317,1.78985465724487,BNE,SIN,0.91376574428302,2339,False
Jessicaburgh,West Richard,2023-04-03 18:24:29,1.3933407458078,14,10431,Richard Lopez,Business,Platinum,SYD-MEL,284.823007610214,470.410707644906,-1.40125806791999,SYD,SIN,0.93038893594181,4996,True
Lake Stephaniefurt,South Mariaview,2023-03-08 00:35:46,0.163811141608329,74,10432,Jessica Wilson,Business,Silver,MEL-BNE,107.543041316936,169.026696570078,0.714489857385829,MEL,LHR,0.885749058523499,3094,False
Hernandezmouth,North Shirleyview,2023-07-12 07:59:15,-0.393085847520071,10,10433,John Martinez,Business,Gold,SYD-MEL,345.383862929499,223.409635633478,-0.240930994304242,SYD,LAX,1.47117636240776,3617,True
Port Sheenatown,East Melissa,2023-12-03 06:12:10,1.14572520551365,50,10434,Thomas Gonzalez,Business,Gold,MEL-BNE,561.008141955741,137.716349532104,1.17294734514552,BNE,SIN,1.35338277865795,2716,True
New Ashley,West Victoriaside,2023-12-08 01:29:07,1.21982030160431,112,10435,Elizabeth Martin,Economy,Silver,MEL-BNE,163.392673145997,237.03682382969,-0.744840573636562,MEL,LHR,1.31098633183342,2721,True
South Brenda,Nicholsshire,2023-07-23 01:32:22,0.648223279790958,137,10436,Robert Martinez,Economy,Silver,BNE-SYD,358.755757243399,202.312330026514,-1.25192895544288,SYD,LHR,1.78737690033393,1616,False
Samanthaport,Jeremyport,2023-09-18 18:48:13,-0.420349236565726,57,10437,Elizabeth Brown,Business,Silver,SYD-MEL,245.237462192285,153.846306576083,0,MEL,LHR,0.910372850697889,4959,True
Lake Johnfurt,South Brittany,2023-05-27 17:18:05,-0.402186300157705,10,10438,Mary Jackson,Economy,Silver,SYD-MEL,570.777812881741,435.589298930727,-0.913978772844139,SYD,LHR,1.06588186808627,2175,True
North Lorifurt,Johnsontown,2023-02-16 04:44:21,1.17660297348399,144,10439,Barbara Lopez,Economy,Platinum,BNE-SYD,449.663116283888,472.276373406276,1.60760452548297,MEL,LAX,0.827561427411005,3352,True
Jameshaven,East Lauren,2023-02-23 12:13:10,1.19471330048225,127,10440,Charles Miller,First,Platinum,MEL-BNE,116.998828340408,228.414758334035,0.643098262450103,MEL,LAX,1.31580519549194,4715,True
Port Edgar,Aliciaview,2023-03-06 16:17:52,-0.428311119304181,177,10441,George Martin,First,Platinum,BNE-SYD,323.424058479886,353.332425378482,-1.43409502060016,MEL,SIN,0.917533920498167,4918,False
Murrayhaven,Lake Jennifermouth,2023-08-27 17:56:48,-0.991416905451219,157,10442,Michael Taylor,Economy,Gold,BNE-SYD,450.915589324909,237.628417612494,0.811827210801644,SYD,LHR,1.62461591965211,721,True
Josechester,East Michellechester,2023-11-23 16:05:34,-0.414090264846602,169,10443,Barbara Moore,Business,Silver,SYD-MEL,152.459289796675,240.90080823919,-0.00995563522241886,BNE,LAX,1.41914964261937,4200,True
Aprilchester,North Jeffreyside,2023-12-12 10:36:32,0.761528966939354,34,10444,Barbara Thomas,Business,Platinum,MEL-BNE,138.486757050286,140.407463145454,-1.38080027176166,BNE,LAX,0.969165961794741,2037,False
North Debbie,Mollyville,2023-06-29 02:07:05,-0.376911659344773,97,10445,Karen Rafaelyan,Business,Silver,SYD-MEL,457.216630082595,514.20295252736,-0.218287106875825,BNE,SIN,0.823811356736626,2387,False
East Francesborough,Port Kristi,2023-02-21 18:21:41,1.23880218147516,81,10446,Jessica Anderson,Economy,Platinum,SYD-MEL,463.217326720496,262.423495471271,-1.33478045134774,BNE,LHR,0.569609072733689,240,False
Lake Davidshire,Lake Shawn,2023-01-10 00:21:30,-0.446155674959403,175,10447,Jennifer Williams,Economy,Silver,SYD-MEL,428.885888224278,199.12291968037,0.62711855127379,MEL,LHR,1.25582376965763,4470,True
West Randyton,West Dannyport,2023-05-29 05:24:00,0.156925358698918,168,10448,Linda Gonzalez,First,Platinum,BNE-SYD,226.188223909825,118.043749949419,1.52528890043065,BNE,LHR,1.33172293234273,3704,True
North Evelynland,Lucasstad,2023-10-02 21:57:25,-0.977288333469772,75,10449,Michael Davis,Business,Platinum,MEL-BNE,242.567107807639,283.896831397089,1.26748883487088,BNE,LHR,1.12845410546373,1338,False
New Stevenfurt,Bondhaven,2023-05-31 20:34:18,1.39773427154662,126,10450,William Martinez,Economy,Platinum,SYD-MEL,257.584907211482,177.830865772385,-0.225724696067233,MEL,LAX,0.854085544055516,3909,True
East Alejandra,Berryberg,2023-02-10 03:19:45,0.695402904628667,166,10451,Linda Garcia,Business,Gold,MEL-BNE,173.534510976168,206.067415305799,-1.26427543398807,BNE,SIN,0.848225263251551,4154,True
Lake Alexandrashire,Stephaniefort,2023-05-09 14:38:38,0.792925238121493,2,10452,Charles Martinez,Economy,Platinum,SYD-MEL,155.125193917449,105.434215009141,0.397017288783214,MEL,LHR,1.19525904601839,3406,False
Josechester,East Michellechester,2023-08-22 06:34:38,-0.404053729187586,40,10453,Patricia Johnson,First,Platinum,SYD-MEL,117.41626471273,221.283784854162,-0.00835583046700547,BNE,LAX,1.31724782343111,3401,False
Hernandezmouth,North Shirleyview,2023-03-18 11:21:59,-0.355173967205975,169,10454,John Rodriguez,Business,Silver,SYD-MEL,442.916557877041,177.293459056948,-0.307982661310469,SYD,LAX,1.46764636902849,281,False
Lake Jeremyville,North Lawrencemouth,2023-12-05 04:36:43,0.169706487064893,13,10455,Richard Hernandez,Business,Silver,MEL-BNE,378.49710876657,255.251031025654,-0.437748893762368,MEL,LAX,0.71120940035515,441,False
Lake Alexandrashire,Stephaniefort,2023-02-19 03:17:18,0.719415923181223,70,10456,Karen Brown,First,Silver,SYD-MEL,167.377784804649,83.2944664431905,0.368928814049914,MEL,LHR,1.48264164325782,2969,False
East Thomasland,North Jennifershire,2023-02-09 06:54:50,1.28107900109158,174,10457,David Davis,Business,Silver,MEL-BNE,115.291833233529,133.345626539431,-1.37503922538127,MEL,LHR,0.414573482025327,764,False
New Guymouth,Jonesborough,2023-11-16 04:06:35,0.158372636925576,92,10458,George Gonzalez,First,Platinum,BNE-SYD,124.233749868789,390.485491421078,1.42901329630846,BNE,LHR,1.00195744302661,3357,False
Port Matthewshire,Weaverberg,2023-11-01 16:04:20,-1.49397242025453,140,10459,Elizabeth Garcia,Business,Gold,BNE-SYD,123.163942330854,463.180933033965,-0.00966963538297888,BNE,SIN,1.04467831636522,3252,True
Port Angela,Grahamburgh,2023-03-12 15:03:58,-1.40129939320056,130,10460,Jessica Rodriguez,Economy,Gold,BNE-SYD,543.445752035151,416.214645160256,0.0974990018526785,BNE,LHR,0.652335102176486,1275,True
Flowersburgh,East Justin,2023-05-13 18:18:30,0.787788370702571,10,10461,William Gonzalez,Economy,Gold,SYD-MEL,260.242126788696,282.86355213171,-1.20773660497634,BNE,LHR,0.656639239631536,1634,False
Port Matthewshire,Weaverberg,2023-01-17 03:53:51,-1.37489012905216,7,10462,Richard Davis,Economy,Gold,BNE-SYD,139.104367717993,453.620069063296,-0.0117459476716603,BNE,SIN,1.13857172968147,169,True
New Stevenfurt,Bondhaven,2023-09-17 08:14:29,1.31863750751335,130,10463,Patricia Thomas,Economy,Gold,SYD-MEL,309.65833626746,182.649382107839,-0.214429108888525,MEL,LAX,1.08319752130011,4957,True
Lake Stephaniefurt,South Mariaview,2023-04-12 15:34:55,0.173532138409206,62,10464,Jennifer Martin,First,Gold,MEL-BNE,110.646377057905,140.28307051344,0.595583217469558,MEL,LHR,0.737155454407774,2651,False
Brittneychester,South Patricia,2023-10-21 22:04:41,-1.4962034920054,102,10465,Joseph Williams,Economy,Platinum,SYD-MEL,180.682441100321,348.226344390899,0.173450770721722,BNE,LAX,1.19801045831852,3173,True
Aprilchester,North Jeffreyside,2023-03-22 03:32:24,0.724914846749378,4,10466,Michael Davis,Economy,Silver,MEL-BNE,130.861339558938,145.460303068871,-1.31911587239229,BNE,LAX,1.20183250418981,4466,True
Port Cory,Russellberg,2023-01-30 21:55:54,1.31515316960645,116,10467,Jessica Thomas,Economy,Platinum,MEL-BNE,277.611870545074,261.501023579731,1.88434274329691,BNE,LAX,0.985681142462986,895,False
Jonesside,Cookshire,2023-05-18 09:36:16,0.170659058010991,22,10468,Jennifer Davis,Business,Gold,SYD-MEL,338.429417850294,427.268730233852,-0.700188807878395,SYD,SIN,0.821350204034616,4971,True
Gregville,East John,2023-12-14 00:51:37,0.734907924547801,146,10469,Sarah Davis,Economy,Gold,MEL-BNE,300.22299524441,139.884817236769,-0.423579350509958,SYD,LAX,1.33322093114585,2527,False
Josephtown,Port Kennethfurt,2023-03-11 06:57:27,1.16375172243767,63,10470,Jennifer Brown,Business,Gold,SYD-MEL,146.978864981687,122.098239962224,0.313349364892837,BNE,SIN,0.723271519218501,1124,False
Brittanyview,Elizabethview,2023-07-23 11:25:58,-0.373030097362424,1,10471,John Martin,First,Gold,BNE-SYD,277.014367056861,333.638096652675,-0.827975652890537,MEL,LHR,0.618831143396995,3350,True
Jessicaburgh,West Richard,2023-04-02 05:04:31,1.14467304868623,150,10472,David Martinez,Economy,Platinum,SYD-MEL,232.025409762864,371.638648793077,-1.04493478048194,SYD,SIN,1.02497784456992,4147,False
East Laura,New Jenniferfurt,2023-03-09 10:51:27,-1.53613396434214,55,10473,Michael Anderson,First,Gold,SYD-MEL,165.194931169208,276.209109977833,1.37744541810387,MEL,LHR,1.01091116356044,4470,False
West Vincentchester,North Stevenhaven,2023-03-02 02:27:37,-0.396810946605054,100,10474,Karen Martinez,Economy,Silver,BNE-SYD,149.716601951823,305.032314008209,1.11653580685248,MEL,LHR,1.63764837348955,3158,False
Hardyberg,Valenciachester,2023-08-09 18:25:19,-1.45630229888748,102,10475,Susan Anderson,First,Silver,SYD-MEL,508.051834986202,181.279696768529,-1.45194248097114,SYD,LHR,0.820493023382799,2393,False
South Kimberlyland,North William,2023-12-14 12:34:00,-0.962973618994405,156,10476,Richard Jones,Business,Gold,BNE-SYD,263.876412644633,104.558482061242,2.23417827177899,SYD,SIN,1.46397734801204,2515,False
Reyesshire,Rogershaven,2023-07-25 09:03:55,1.20262631289209,16,10477,Jennifer Davis,Economy,Silver,MEL-BNE,198.770827692558,394.169062358657,-0.0574796797611197,SYD,LHR,1.18904041162605,2422,True
Kennedyfort,South Amy,2023-11-27 10:43:46,0.785106098376967,163,10478,William Garcia,Business,Silver,BNE-SYD,367.184108769929,260.547249079658,1.85469021483451,BNE,SIN,0.761270237001123,1151,False
Brittneychester,South Patricia,2023-10-02 09:19:35,-1.36052801559237,173,10479,Barbara Williams,Economy,Silver,SYD-MEL,217.606835280559,319.594705904838,0.173616302470015,BNE,LAX,1.39839244561132,4501,False
South Deborah,New Kathrynburgh,2023-11-20 15:29:45,0.182918622717001,140,10480,David Gonzalez,Business,Platinum,MEL-BNE,208.155432028693,330.88927663819,-1.59149211373375,SYD,SIN,1.00071892284363,1605,True
Gregville,East John,2023-08-16 02:00:24,0.712780318999408,17,10481,Sarah Lopez,Economy,Gold,MEL-BNE,264.200999835886,167.125317995099,-0.452238658470846,SYD,LAX,1.61515819170193,3120,True
East Alejandra,Berryberg,2023-10-11 08:36:19,0.8124469883163,127,10482,Linda Taylor,First,Silver,MEL-BNE,224.768098309918,244.239872385624,-1.25200222015377,BNE,SIN,0.747466651119703,2808,True
Stevenville,Nicholasberg,2023-09-03 05:37:52,0.156849847165555,138,10483,Thomas Rafaelyan,Economy,Gold,MEL-BNE,466.110760697797,297.425849245036,-1.05730846610892,BNE,LHR,1.28306908760406,2190,True
South Samanthaberg,Lake Meganside,2023-01-01 18:14:37,0.719950898599822,87,10484,Michael Thomas,Economy,Gold,MEL-BNE,130.600059859259,557.998037926017,1.66677361744192,MEL,LAX,0.955748536312697,1792,False
North Selena,Katherineburgh,2023-01-28 02:23:45,-1.50585037489716,147,10485,Charles Martinez,Economy,Platinum,SYD-MEL,448.96086691246,374.342414045892,0.263925634025739,SYD,SIN,1.10334859368435,3246,True
New Guymouth,Jonesborough,2023-11-24 02:47:09,0.175293379385186,125,10486,Richard Thomas,First,Silver,BNE-SYD,138.014331002957,526.943594078337,1.36392743077771,BNE,LHR,0.949471110128258,3224,True
New Sarashire,West Graceside,2023-11-24 01:25:33,0.165868434465283,104,10487,Linda Jackson,Economy,Silver,SYD-MEL,523.086450513535,235.177554252259,-0.28709486797579,SYD,SIN,0.628120061171219,3853,False
South Brittany,Fitzgeraldbury,2023-11-29 23:14:04,-1.356977755297,14,10488,Joseph Garcia,Economy,Gold,SYD-MEL,501.520810830727,274.968021735714,1.7715266263915,BNE,SIN,1.0177792968661,2592,True
North Evelynland,Lucasstad,2023-07-04 06:37:00,-0.953370351463745,100,10489,Jennifer Thomas,First,Gold,MEL-BNE,328.052567409694,350.167614541973,1.10808120669058,BNE,LHR,1.24255890769179,860,False
East Alejandra,Berryberg,2023-08-16 07:38:36,0.762486028793767,54,10490,Barbara Martinez,Economy,Gold,MEL-BNE,176.751813758313,218.969994467713,-1.33487522171436,BNE,SIN,0.750585141724192,4741,True
Hardyberg,Valenciachester,2023-05-31 09:50:44,-1.63609747917353,146,10491,Barbara Thomas,Economy,Gold,SYD-MEL,406.889786801969,208.01221291122,-1.51581778158205,SYD,LHR,0.868758677848533,3772,True
Port Sheenatown,East Melissa,2023-06-04 22:44:07,1.2914650594025,79,10492,Robert Jackson,Economy,Silver,MEL-BNE,590.784717967456,141.077052856332,0.952560018891103,BNE,SIN,1.72513850980388,649,False
West Ericland,South Tara,2023-03-18 07:37:52,1.19616021587865,137,10493,John Moore,Business,Gold,BNE-SYD,191.257096092025,466.445359802391,-0.408378738506494,SYD,LAX,0.730388282122948,148,True
North Selena,Katherineburgh,2023-10-17 23:14:50,-1.54866941000735,135,10494,John Jackson,Economy,Gold,SYD-MEL,394.340131669471,346.882679892921,0.281777601163268,SYD,SIN,1.07327563915243,4239,True
Michaelbury,Nelsonstad,2023-08-09 00:03:35,-1.36782616359385,126,10495,William Thomas,Business,Platinum,BNE-SYD,409.893489949466,205.99366476627,0.950788197428875,BNE,LHR,0.999540488257619,1568,False
New Josephmouth,South Denisestad,2023-01-25 11:53:33,-0.917143643922471,134,10496,Michael Miller,First,Platinum,MEL-BNE,242.977021595036,153.72351012131,-0.521698291473211,SYD,LHR,0.910893581854564,2638,True
Aprilchester,North Jeffreyside,2023-09-03 17:17:42,0.786649357384514,35,10497,Mary Rafaelyan,Business,Gold,MEL-BNE,137.54904692954,125.582920380723,-1.44958459557458,BNE,LAX,1.01940545660905,2525,True
Port Jason,Mannshire,2023-04-15 04:44:47,-0.997830698054145,168,10498,Jessica Lopez,First,Silver,MEL-BNE,432.354871492596,84.5728462831879,0.688588281116161,BNE,LAX,1.57820640075422,2443,True
Julianberg,North Brittneychester,2023-06-13 17:17:01,1.34434058495006,41,10499,John Garcia,Business,Silver,MEL-BNE,251.075194961432,418.36322807538,-1.65196975872446,MEL,SIN,0.829497603085407,124,False
North Evelynland,Lucasstad,2023-08-05 04:25:14,-0.985201943884854,14,10500,Susan Rodriguez,First,Silver,MEL-BNE,237.295687256968,311.417920406668,1.35217364904363,BNE,LHR,1.08950664748203,3714,True
West Richardmouth,Greenton,2023-06-21 15:26:53,1.26934175386928,168,10501,Sarah Lopez,Business,Gold,SYD-MEL,105.37749089222,218.618262462427,-0.28510111078933,MEL,LHR,0.904029148935616,726,False
Jessicaburgh,West Richard,2023-08-21 21:58:54,1.35075684644561,120,10502,Patricia Lopez,Business,Gold,SYD-MEL,223.409030307214,464.139496932216,-0.985611138112981,SYD,SIN,1.14181369608322,2260,False
Port Tina,Cherylmouth,2023-06-02 21:13:10,1.21087701788346,26,10503,Linda Rodriguez,Business,Gold,BNE-SYD,230.648739589935,271.350711419912,0.355916784235246,BNE,SIN,0.88124936138755,2783,True
Michaelbury,Nelsonstad,2023-03-10 02:23:07,-1.4534165284852,34,10504,Robert Rodriguez,First,Silver,BNE-SYD,534.994770846702,243.635215659717,0.912676661223104,BNE,LHR,0.91075188250883,428,False
Pottsfort,Gutierrezport,2023-07-14 11:33:43,1.2313441095114,80,10505,Jennifer Wilson,Economy,Platinum,BNE-SYD,259.518028256065,260.51717550788,-0.349057263189789,BNE,LAX,0.900717461191574,3803,True
Wilsonstad,Lake Johnmouth,2023-06-02 20:16:35,1.17748815606757,1,10506,Karen Jones,Business,Silver,MEL-BNE,352.571877049851,412.369533245935,-1.01371576912745,MEL,LHR,0.580073053258241,2433,False
Jameshaven,East Lauren,2023-11-03 02:57:13,1.27325895483707,32,10507,Charles Rodriguez,Business,Silver,MEL-BNE,118.276478249116,219.118406014757,0.692870597706063,MEL,LAX,1.08071151084345,4757,False
North Lorifurt,Johnsontown,2023-10-26 10:57:11,1.28933511232631,31,10508,Thomas Gonzalez,Business,Silver,BNE-SYD,367.91939629609,391.892603800752,1.68334291599596,MEL,LAX,0.772792543430697,1500,True
North Selena,Katherineburgh,2023-06-16 17:15:27,-1.5573647125249,53,10509,Joseph Taylor,Economy,Platinum,SYD-MEL,536.363456529934,338.529103311804,0.321016906417866,SYD,SIN,1.03690947784346,1211,False
Lake Gracefurt,Jamesberg,2023-01-26 10:06:28,-0.961786437518117,69,10510,Jennifer Moore,Economy,Gold,BNE-SYD,337.333568120298,289.543434220156,-0.61284233456959,MEL,LAX,1.18405995448122,4668,True
Wileyland,East Alyssa,2023-10-30 08:06:47,-1.45870089709684,176,10511,Barbara Brown,First,Platinum,BNE-SYD,437.391465538365,224.293197898357,1.39000415294544,BNE,LAX,0.720859564973953,2956,True
Lake Jeremyville,North Lawrencemouth,2023-01-04 22:05:42,0.177432124323548,73,10512,Richard Jackson,Economy,Silver,MEL-BNE,282.127700968716,229.977981072251,-0.524113947805632,MEL,LAX,0.818390220906127,3802,False
South Deborah,New Kathrynburgh,2023-04-04 12:22:59,0.154209213621772,170,10513,Joseph Hernandez,Economy,Silver,MEL-BNE,175.346726992664,362.069790555821,-1.75420688287277,SYD,SIN,0.915806724760875,2450,True
North Debbie,Mollyville,2023-04-08 20:39:46,-0.40855589375526,148,10514,Charles Davis,Economy,Gold,SYD-MEL,406.391043046927,514.438786638086,-0.222630318871446,BNE,SIN,0.993049437881681,4848,False
Butlerside,East Morganburgh,2023-08-31 11:59:29,0.667399542631006,132,10515,Robert Thomas,First,Gold,MEL-BNE,186.376695601596,460.084291746247,0.0768765787934915,SYD,SIN,1.07848182266471,709,True
Cobbshire,Port Johnport,2023-06-16 18:15:46,0.150068734624864,165,10516,Sarah Garcia,First,Gold,BNE-SYD,311.199285099647,409.779965560991,0.204006489528367,SYD,LHR,1.17564992522721,2389,True
Leeberg,Higginstown,2023-01-05 19:34:38,-0.93078451777555,24,10517,Susan Hernandez,Economy,Platinum,MEL-BNE,436.744886944765,424.330019784609,-1.67603685789585,SYD,LAX,1.25615559652124,104,True
Hernandezmouth,North Shirleyview,2023-08-19 23:25:18,-0.351790314014857,80,10518,Karen Miller,First,Platinum,SYD-MEL,328.525667799192,204.982150705642,-0.254539923579076,SYD,LAX,1.56433990039884,3706,True
Cobbshire,Port Johnport,2023-02-06 03:18:49,0.173261473091464,85,10519,David Garcia,Business,Silver,BNE-SYD,377.910378417729,418.949313342137,0.246208772158092,SYD,LHR,1.35241913033597,4499,True
South Samanthaberg,Lake Meganside,2023-02-14 05:22:34,0.669058051643216,62,10520,Joseph Lopez,Business,Gold,MEL-BNE,177.533209908061,417.708391670041,1.69896787811879,MEL,LAX,1.09122324945312,994,False
Julianberg,North Brittneychester,2023-11-04 05:28:29,1.27614028399448,166,10521,Jennifer Moore,Economy,Platinum,MEL-BNE,271.776199142921,324.823813999992,-1.60667723491947,MEL,SIN,0.816957051107204,4664,False
Aprilchester,North Jeffreyside,2023-06-24 22:10:57,0.730082277151119,59,10522,Linda Martin,First,Gold,MEL-BNE,165.574064105576,140.263129928189,-1.30315016850899,BNE,LAX,1.09111549022875,4042,True
Port Edgar,Aliciaview,2023-05-29 03:10:35,-0.389155107595801,151,10523,Michael Jackson,First,Gold,BNE-SYD,311.405368911194,442.489235761107,-1.45117646531219,MEL,SIN,0.846020221801657,2517,True
Jonesside,Cookshire,2023-03-08 20:14:51,0.157530231977998,76,10524,Joseph Rodriguez,Business,Gold,SYD-MEL,439.406696360736,394.746971250451,-0.689283778090893,SYD,SIN,0.758689439577261,4609,False
Coryton,Hillport,2023-02-09 12:37:26,0.754107393530389,63,10525,Sarah Lopez,First,Silver,SYD-MEL,350.482990188072,365.875104999024,-0.281257952162762,SYD,LAX,1.2972579676335,2362,False
New Michelle,Wallacehaven,2023-01-24 00:02:20,0.7652019452564,101,10526,Linda Hernandez,Economy,Silver,MEL-BNE,137.974592172029,164.813991768577,-1.49358251466917,SYD,SIN,1.05696585003307,2019,False
New Barbara,Lake Matthew,2023-05-24 07:24:47,-0.365828238659572,146,10527,Sarah Miller,Economy,Gold,SYD-MEL,439.142237485008,156.441806658003,-1.07966195032313,BNE,SIN,0.891313132394573,2559,True
East Lori,Gallowaychester,2023-12-02 11:09:52,1.35665470998117,85,10528,Joseph Taylor,First,Silver,MEL-BNE,278.283904565752,462.47221092375,-0.310176008073698,SYD,LHR,0.725885297488158,3008,False
Port Jason,Mannshire,2023-06-24 08:07:49,-0.976259743727925,96,10529,Joseph Jackson,Economy,Gold,MEL-BNE,349.046365398984,97.9348854313742,0.610497505512746,BNE,LAX,1.62699739802902,3439,False
West Nicoleland,Vasquezhaven,2023-02-12 13:45:57,1.23252308474198,92,10530,Elizabeth Hernandez,First,Gold,BNE-SYD,175.223247847191,449.663109205028,-0.765084684091083,SYD,LHR,0.803972056043254,1079,True
Arnoldtown,Morriston,2023-08-02 23:30:28,0.155732478288373,9,10531,Richard Johnson,First,Silver,SYD-MEL,465.791450272309,226.326573619848,-1.16189548339346,SYD,LAX,0.555379900412075,1383,True
Michaelbury,Nelsonstad,2023-04-13 01:17:28,-1.41320348249764,19,10532,William Brown,Economy,Silver,BNE-SYD,515.324667415996,261.806497673115,0.730670185232986,BNE,LHR,0.909647095340488,2714,False
Lake Gracefurt,Jamesberg,2023-10-28 08:30:51,-0.878529380187291,44,10533,Sarah Williams,First,Gold,BNE-SYD,280.742903326086,325.937571386214,-0.462861317318673,MEL,LAX,1.34468458125535,3035,False
North Evelynland,Lucasstad,2023-06-25 12:14:59,-0.86543779717973,32,10534,Linda Johnson,First,Gold,MEL-BNE,301.547126422181,359.422196971971,1.03359766314049,BNE,LHR,1.07529015975017,3587,True
Port Tina,Cherylmouth,2023-12-25 08:09:08,1.34911299136892,148,10535,Jennifer Martin,First,Silver,BNE-SYD,286.314601060195,313.73883379054,0.318745468878423,BNE,SIN,0.664339817386998,3048,True
Samanthaport,Jeremyport,2023-11-15 13:18:14,-0.396931805942761,91,10536,Patricia Martinez,First,Silver,SYD-MEL,200.244722257767,145.587765531543,0,MEL,LHR,1.06073358781452,468,True
New Christopher,Kevinhaven,2023-12-20 00:46:37,0.720895851542382,156,10537,Joseph Davis,First,Silver,SYD-MEL,388.46181457047,108.127316510444,0.300874988767385,SYD,LAX,1.30214974233529,2886,False
North Lorifurt,Johnsontown,2023-06-19 10:23:24,1.23954186486162,177,10538,Richard Taylor,First,Gold,BNE-SYD,347.30624186865,373.552340653935,1.24717847069477,MEL,LAX,0.885280792193708,283,True
Hernandezmouth,North Shirleyview,2023-12-07 13:48:12,-0.365573694094773,70,10539,Richard Hernandez,Business,Platinum,SYD-MEL,418.358771677086,173.990757980715,-0.272303635775359,SYD,LAX,1.47432163658287,4247,False
West Nicoleland,Vasquezhaven,2023-01-21 23:00:44,1.31189897939155,158,10540,Elizabeth Miller,First,Platinum,BNE-SYD,189.489102677666,341.213088179471,-0.896754661823075,SYD,LHR,0.857641853821285,2291,True
Pottsfort,Gutierrezport,2023-02-11 09:58:37,1.19272684042421,145,10541,George Rodriguez,Business,Platinum,BNE-SYD,265.728422885655,216.852831585483,-0.333318744769175,BNE,LAX,0.915393378447788,1701,True
Williamsville,East Connie,2023-03-01 10:22:44,-0.923444342976251,172,10542,Elizabeth Anderson,Business,Platinum,MEL-BNE,154.565074649521,78.6363290011633,-0.35133434548953,SYD,LAX,0.775188928713819,4738,False
Kennedyfort,South Amy,2023-06-10 14:00:08,0.731111824877083,170,10543,Joseph Lopez,First,Silver,BNE-SYD,290.258948400502,283.463489753984,1.67407027814789,BNE,SIN,1.03969862095443,1545,True
Brittanyview,Elizabethview,2023-02-24 04:41:37,-0.397010232197622,146,10544,Barbara Martinez,Business,Silver,BNE-SYD,336.745218345865,315.141152683272,-1.07092502290082,MEL,LHR,0.810741029938553,4906,False
Jameshaven,East Lauren,2023-04-05 23:04:17,1.2950098825739,1,10545,Robert Gonzalez,Economy,Platinum,MEL-BNE,117.951611594131,291.089003950955,0.704081167836181,MEL,LAX,1.06598112149456,2779,True
North Gregorymouth,Christinaville,2023-03-16 13:39:16,-0.415407597894109,66,10546,Susan Miller,Business,Silver,MEL-BNE,102.632825891586,584.793793896309,0.126867753406964,MEL,SIN,1.43025479288958,2097,False
Josephtown,Port Kennethfurt,2023-12-05 01:05:43,1.39276621540987,178,10547,Karen Williams,Economy,Gold,SYD-MEL,169.300759658904,106.615198264622,0.320499687898276,BNE,SIN,1.0156767764896,1484,True
Aprilchester,North Jeffreyside,2023-11-13 17:22:00,0.780296447520989,61,10548,Mary Hernandez,Business,Silver,MEL-BNE,174.284735407196,118.246521204161,0,BNE,LAX,1.30263591338326,2333,False
Hernandezmouth,North Shirleyview,2023-08-01 12:32:37,-0.37672942483256,86,10549,Joseph Taylor,Economy,Platinum,SYD-MEL,434.989925746109,187.304481458594,-0.226283417479545,SYD,LAX,1.5962222372771,2832,True
Samanthaport,Jeremyport,2023-02-03 02:44:23,-0.376374539563415,56,10550,Linda Miller,Economy,Gold,SYD-MEL,277.86489924057,171.07851259295,-0.0535358836581469,MEL,LHR,0.978175564176066,1924,True
West Richardmouth,Greenton,2023-07-26 03:51:15,1.37250891324884,144,10551,Patricia Brown,Economy,Platinum,SYD-MEL,126.696550594291,231.246776860462,-0.378244955252377,MEL,LHR,0.793885041083572,4843,True
West Vincentchester,North Stevenhaven,2023-03-06 00:44:18,-0.382596829390149,2,10552,Karen Jones,Business,Silver,BNE-SYD,184.173314527289,292.724036844938,1.40919061967957,MEL,LHR,1.62569905697658,2197,False
Samanthaport,Jeremyport,2023-07-24 10:42:04,-0.37163433230293,1,10553,John Martin,Economy,Platinum,SYD-MEL,258.41708241744,159.552126053758,-0.0623248463321888,MEL,LHR,1.21545388953274,4594,True
Port Robert,Morenofort,2023-04-28 11:34:58,0.15036256324606,137,10554,Robert Rafaelyan,First,Silver,MEL-BNE,496.586351309551,440.798506190977,1.25205881742193,BNE,SIN,1.3717359273335,4764,False
Flowersburgh,East Justin,2023-06-02 05:14:25,0.737481850368778,108,10555,Sarah Miller,Economy,Silver,SYD-MEL,328.664388678975,313.031512988861,-1.25134343007767,BNE,LHR,0.778595561596646,3106,True
Reyesshire,Rogershaven,2023-07-01 00:11:23,1.3805929075914,119,10556,Elizabeth Martin,Business,Silver,MEL-BNE,200.833540460813,449.441874887188,-0.0528211464338155,SYD,LHR,0.953353241764379,33,True
New Barbara,Lake Matthew,2023-09-11 11:49:14,-0.373212381080444,32,10557,Jessica Davis,First,Platinum,SYD-MEL,513.623243464978,167.970415164285,-0.986769697312286,BNE,SIN,0.979735100773806,1358,False
Gregorystad,Hamiltonburgh,2023-05-08 08:57:39,-1.45059882438209,160,10558,Charles Williams,First,Gold,MEL-BNE,233.150579899043,241.746691378125,-1.33576250921384,MEL,SIN,1.35325662065769,3730,True
South Samanthaberg,Lake Meganside,2023-02-20 19:20:58,0.663325734482486,175,10559,John Rodriguez,Economy,Platinum,MEL-BNE,179.965749406262,450.642088213715,0,MEL,LAX,1.22892437113028,347,False
Coryton,Hillport,2023-10-08 06:28:13,0.716931786665012,110,10560,John Thomas,Economy,Platinum,SYD-MEL,352.815326585567,286.166675912955,-0.226258208968024,SYD,LAX,1.1246404025687,4482,True
South Brittany,Fitzgeraldbury,2023-03-08 00:02:54,-1.46575903192477,82,10561,Charles Gonzalez,First,Platinum,SYD-MEL,528.498948510745,266.337162454743,1.78219695402532,BNE,SIN,0.747431299869065,2833,True
Williamsville,East Connie,2023-09-22 15:50:10,-0.902154338756441,143,10562,William Taylor,Business,Gold,MEL-BNE,186.206354169672,94.9830855003624,-0.248843099178055,SYD,LAX,0.80136691406405,3073,False
North Selena,Katherineburgh,2023-04-21 19:36:27,-1.57652071916185,66,10563,William Jackson,Economy,Platinum,SYD-MEL,378.502820391744,372.794790268869,0.264667321699356,SYD,SIN,1.37012473424031,4614,True
Marymouth,Port Patriciaton,2023-12-21 17:39:57,0.169282886372213,147,10564,Barbara Rafaelyan,Business,Platinum,MEL-BNE,210.714410162842,419.164492206615,-0.036146717551975,MEL,SIN,1.21161973399674,2707,True
New Josephmouth,South Denisestad,2023-11-29 19:11:20,-1.03111860701392,171,10565,George Martin,Business,Platinum,MEL-BNE,304.10787776614,129.96742505162,-0.585042965572055,SYD,LHR,1.05285227138463,491,True
South Brenda,Nicholsshire,2023-12-26 08:32:05,0.744745597970096,55,10566,Karen Martin,Economy,Silver,BNE-SYD,327.502125800728,154.025932827741,-1.25033029494649,SYD,LHR,1.68603952211916,4853,False
North Gregorymouth,Christinaville,2023-11-22 13:23:29,-0.399280554919407,154,10567,Joseph Hernandez,Business,Silver,MEL-BNE,134.231098893171,592.561197933389,0.127239126411098,MEL,SIN,1.40514886280656,3486,False
Michaelbury,Nelsonstad,2023-05-23 08:19:55,-1.48405107982332,132,10568,David Taylor,Business,Platinum,BNE-SYD,499.764118505352,267.537061626402,0.744130366205283,BNE,LHR,0.87113818988561,1973,True
Gregville,East John,2023-05-09 11:50:32,0.723181235096912,45,10569,Richard Martinez,Business,Gold,MEL-BNE,352.167725555605,172.137512559986,-0.515067224037195,SYD,LAX,1.57991705889025,4341,True
Lake Jeremyville,North Lawrencemouth,2023-04-04 23:38:06,0.160168727758615,99,10570,Elizabeth Rodriguez,Business,Silver,MEL-BNE,382.119790811561,311.252713331223,-0.609558163869602,MEL,LAX,0.728872184742627,1858,False
East Laura,New Jenniferfurt,2023-09-29 08:09:52,-1.56697056671494,81,10571,Linda Davis,Economy,Silver,SYD-MEL,162.155728229038,193.206865871971,1.53031932051273,MEL,LHR,0.996395441988925,2245,True
Jameshaven,East Lauren,2023-03-13 02:09:29,1.33798797984307,24,10572,David Davis,First,Silver,MEL-BNE,136.011945839972,232.426582207234,0.510903275570877,MEL,LAX,1.36817784519128,3283,True
Brittanyview,Elizabethview,2023-08-22 12:49:17,-0.402079628846909,109,10573,David Lopez,Economy,Platinum,BNE-SYD,338.669053542658,278.069237272099,-1.12396156082329,MEL,LHR,0.72339084162827,1812,False
Wandaborough,West Michael,2023-10-21 22:59:30,-0.372472717961873,103,10574,Robert Martinez,Economy,Platinum,BNE-SYD,263.312918535137,303.306608132895,2.19636684716344,BNE,LAX,0.581866370145069,835,False
West Vincentchester,North Stevenhaven,2023-08-22 07:52:23,-0.39722951618388,3,10575,Jennifer Miller,Business,Gold,BNE-SYD,146.341837963686,263.66337518909,1.65640734489249,MEL,LHR,1.69154362973689,1079,True
Reyesshire,Rogershaven,2023-06-21 18:13:06,1.26719154013943,117,10576,Joseph Jones,First,Silver,MEL-BNE,184.814020382744,408.253358051197,-0.0555513735944528,SYD,LHR,0.894041436877461,4442,True
South Samanthaberg,Lake Meganside,2023-02-03 04:01:28,0.735242511998689,98,10577,Barbara Martinez,Economy,Platinum,MEL-BNE,164.1114864372,404.702707763466,1.79707559008179,MEL,LAX,1.20454912218793,3482,True
Hernandezmouth,North Shirleyview,2023-11-16 10:54:11,-0.398830123412233,105,10578,George Rodriguez,Business,Platinum,SYD-MEL,382.211378590797,181.347906347694,-0.280633332473005,SYD,LAX,1.352739516747,3816,True
Jameshaven,East Lauren,2023-07-25 11:25:18,1.31360281293299,154,10579,Patricia Thomas,First,Platinum,MEL-BNE,121.742241196161,270.642861835051,0.541386604168067,MEL,LAX,1.34651383247175,1252,False
Port Michellefort,East Davidbury,2023-10-02 22:01:01,0.174785621049313,161,10580,William Rafaelyan,First,Platinum,SYD-MEL,482.741134155095,280.457475946803,-0.331276385513554,MEL,LAX,1.22849631713837,3671,True
Edwardsbury,Cassandramouth,2023-09-17 23:00:03,-0.417264894110935,156,10581,Elizabeth Moore,Economy,Silver,MEL-BNE,314.078186556971,375.232497474368,1.27206553183318,MEL,LAX,0.588417352771351,2406,False
Michaelbury,Nelsonstad,2023-04-09 10:40:30,-1.54210976827294,132,10582,Jennifer Moore,First,Silver,BNE-SYD,468.106612474702,213.000418524386,0.767517834916294,BNE,LHR,0.951751163507294,1694,True
Lake Gracefurt,Jamesberg,2023-10-21 17:39:12,-0.872207274832916,177,10583,Karen Johnson,Business,Platinum,BNE-SYD,335.738521532396,321.187228593823,-0.659477361301404,MEL,LAX,1.19173727906129,3784,True
Hernandezmouth,North Shirleyview,2023-04-20 07:49:16,-0.36178621932068,157,10584,Sarah Moore,Economy,Silver,SYD-MEL,421.818428276125,239.051044277107,-0.30880984713336,SYD,LAX,1.2438444931383,2332,False
Susanberg,South Billy,2023-04-02 18:12:49,-1.04298736276699,164,10585,David Johnson,Economy,Silver,MEL-BNE,427.790049422776,437.023767929764,-0.347915205440507,SYD,LHR,1.27246709538899,936,False
New Guymouth,Jonesborough,2023-12-18 09:32:16,0.165322898598189,73,10586,Jessica Miller,First,Silver,BNE-SYD,111.526655090105,371.713517143142,1.44641701260086,BNE,LHR,1.00203792160252,2848,True
Thomasshire,Freemanfort,2023-11-08 13:49:09,-0.361333665895906,98,10587,Thomas Moore,Economy,Silver,BNE-SYD,338.715062279681,334.834295581254,0.316242824262,BNE,LAX,1.23790068948555,4775,True
Michaelchester,Fullerbury,2023-01-03 03:58:26,0.666106318742479,55,10588,Linda Martinez,First,Silver,BNE-SYD,324.906897043733,434.013005135428,-1.02792203272295,MEL,LAX,0.646716817438962,4703,False
Port Carolyn,Port Robert,2023-03-31 23:25:24,-1.44906765489527,174,10589,Mary Jones,First,Gold,BNE-SYD,179.358244578544,256.721520513743,0.537927057908811,BNE,LHR,1.2399723016643,2922,True
Coryton,Hillport,2023-08-15 20:52:03,0.687387924818787,22,10590,Mary Taylor,Economy,Silver,SYD-MEL,321.073035671481,312.691886741156,-0.264703511374735,SYD,LAX,1.4444099430759,603,True
Port Robert,Morenofort,2023-08-02 16:22:56,0.15289449721039,87,10591,Michael Johnson,Business,Platinum,MEL-BNE,439.814124926687,443.873895069557,0.880234625531987,BNE,SIN,1.21336066151441,156,True
Marymouth,Port Patriciaton,2023-01-08 19:02:11,0.181515508511048,75,10592,Jessica Brown,Economy,Gold,MEL-BNE,159.537019431056,458.191246904354,-0.0314036883411362,MEL,SIN,1.1884718325246,4205,True
Coxburgh,Levineport,2023-04-18 22:34:09,-0.362291755070841,59,10593,Linda Garcia,Business,Gold,BNE-SYD,470.313674544729,228.519723910661,-0.101501365693823,BNE,LHR,1.27213322814237,3881,False
West Richardmouth,Greenton,2023-09-17 15:31:12,1.47372359956465,116,10594,Jessica Garcia,First,Silver,SYD-MEL,90.8556428111564,260.951675563868,-0.313411476817295,MEL,LHR,1.07380142716537,203,True
Leeberg,Higginstown,2023-08-16 12:53:02,-0.918228274455443,89,10595,George Martin,Business,Platinum,MEL-BNE,474.748999432956,528.572149706969,-1.44379083086103,SYD,LAX,1.51619045910565,15,True
Kennedyfort,South Amy,2023-03-12 06:53:34,0.795819434638938,55,10596,George Hernandez,Business,Silver,BNE-SYD,324.050007556345,287.930344157139,1.45293977427026,BNE,SIN,0.984905935543486,2901,True
Butlerside,East Morganburgh,2023-10-02 17:22:06,0.677336119827049,121,10597,Linda Williams,First,Gold,MEL-BNE,169.845725288476,391.546563933405,0.0765040504462989,SYD,SIN,1.03966084665424,944,False
South Deborah,New Kathrynburgh,2023-03-22 21:07:31,0.16958008986557,167,10598,William Jackson,Economy,Gold,MEL-BNE,209.51910387038,294.905538327409,-1.39138144400274,SYD,SIN,0.90050113728038,869,True
Port Carolyn,Port Robert,2023-05-28 16:46:05,-1.42643579457341,170,10599,Jennifer Miller,First,Gold,BNE-SYD,164.045383686276,281.332884731756,0.716235033757243,BNE,LHR,1.31267389852516,2230,True
Marymouth,Port Patriciaton,2023-03-01 01:40:35,0.160078541550025,116,10600,George Brown,First,Platinum,MEL-BNE,209.807820872063,356.767600992432,-0.0417798895825721,MEL,SIN,1.04908141934624,4848,False
West Vincentchester,North Stevenhaven,2023-08-23 06:51:08,-0.393713973619912,80,10601,Michael Jackson,First,Platinum,BNE-SYD,139.645749608248,219.570312034362,1.13911656936126,MEL,LHR,1.38110016364773,3020,False
Lake Davidshire,Lake Shawn,2023-12-02 11:56:31,-0.406797568854667,155,10602,David Brown,Business,Silver,SYD-MEL,438.369719261329,186.432483495733,0.847650784732474,MEL,LHR,1.34965295674466,4550,True
Simpsonstad,New Cathy,2023-10-01 14:25:02,-1.66085406240298,170,10603,Thomas Rafaelyan,Business,Platinum,BNE-SYD,302.009953295736,382.515024002117,0.270827062484883,BNE,LAX,1.13339446078806,4888,False
South Deborah,New Kathrynburgh,2023-03-31 19:44:28,0.170111360312463,41,10604,Joseph Garcia,Economy,Gold,MEL-BNE,187.141005034454,386.366599244464,-1.55596932855845,SYD,SIN,0.911939531124821,3632,False
West Nicoleland,Vasquezhaven,2023-10-18 06:48:00,1.19292301256454,142,10605,Jennifer Williams,Business,Gold,BNE-SYD,163.096194886625,336.113287111664,-0.891776933112596,SYD,LHR,0.950063271104594,871,True
Michaelbury,Nelsonstad,2023-08-19 18:45:06,-1.61606980130823,139,10606,John Martinez,First,Gold,BNE-SYD,492.59755089379,254.942545176769,0.824995277614971,BNE,LHR,0.953613561716686,211,False
Port Matthewshire,Weaverberg,2023-01-07 16:37:29,-1.46781574040365,16,10607,William Jones,Economy,Platinum,BNE-SYD,138.687385917864,368.15327613035,-0.00876498233814453,BNE,SIN,0.988117999249205,4177,False
Port Angela,Grahamburgh,2023-10-05 05:36:42,-1.36123962895196,99,10608,Michael Garcia,Economy,Platinum,BNE-SYD,515.747433052968,417.084373615816,0.0884199326182723,BNE,LHR,0.504796822316196,4979,True
North Evelynland,Lucasstad,2023-10-07 12:59:35,-0.894933807648888,95,10609,Barbara Davis,First,Platinum,MEL-BNE,304.647123457491,386.500370079378,1.29449970886894,BNE,LHR,1.25683367642004,2759,False
Edwardsbury,Cassandramouth,2023-01-25 07:10:15,-0.401381453318068,8,10610,Linda Wilson,First,Silver,MEL-BNE,302.903220491791,406.016196697807,0.981855379713518,MEL,LAX,0.527270034048736,1584,True
Port Carolyn,Port Robert,2023-06-20 17:57:33,-1.59464830196487,17,10611,John Taylor,Business,Platinum,BNE-SYD,172.901685950111,266.350051842492,0.574117321010789,BNE,LHR,1.39906638025335,3737,False
Port Carolyn,Port Robert,2023-06-10 02:45:45,-1.56966681067021,1,10612,Charles Martinez,Economy,Gold,BNE-SYD,235.472594459681,305.20988568415,0.710742399635496,BNE,LHR,1.28700242893048,3284,True
East Laura,New Jenniferfurt,2023-02-19 13:25:36,-1.42512408454467,5,10613,George Hernandez,Economy,Platinum,SYD-MEL,125.955421856201,231.576972923988,1.80723541418631,MEL,LHR,0.909965187781468,1331,True
Kennedyfort,South Amy,2023-08-19 09:39:05,0.730776778344313,15,10614,William Johnson,First,Platinum,BNE-SYD,376.954295624075,256.567464614348,1.83385858438238,BNE,SIN,0.956876716686535,639,True
Ericaton,Scottbury,2023-01-17 20:48:00,0.148733967947585,59,10615,Michael Hernandez,Economy,Gold,SYD-MEL,409.075949807122,403.63115689104,0.0158211231879425,SYD,SIN,0.799067529170645,199,True
New Michelle,Wallacehaven,2023-05-02 18:21:02,0.720961802833843,74,10616,Thomas Moore,First,Platinum,MEL-BNE,128.094314279852,245.075242361376,-1.99007212311254,SYD,SIN,1.44092139815179,502,False
Lake Alexandrashire,Stephaniefort,2023-10-15 02:07:43,0.762463588423361,110,10617,Linda Garcia,Economy,Gold,SYD-MEL,191.171794123131,102.119323997274,0.363285375596701,MEL,LHR,1.0475997701953,401,True
South Samanthaberg,Lake Meganside,2023-07-18 01:32:46,0.760759004898584,49,10618,Robert Jones,First,Silver,MEL-BNE,149.572384467673,391.386759834581,1.85366927452417,MEL,LAX,1.05075556043438,3095,True
Owenborough,Kelleymouth,2023-03-21 09:16:04,-0.422492691689029,79,10619,Thomas Martin,Business,Platinum,BNE-SYD,421.841723195955,407.521648097931,-0.509992241797731,BNE,SIN,1.3984839066253,3973,True
Port Carolyn,Port Robert,2023-09-07 00:45:53,-1.38135443009305,96,10620,Jennifer Williams,First,Platinum,BNE-SYD,229.597863828413,242.74094205623,0.591393180383879,BNE,LHR,1.38913548688684,4656,True
Port Jason,Mannshire,2023-02-10 18:04:22,-0.924579667174579,58,10621,Jennifer Davis,Economy,Platinum,MEL-BNE,396.72002736129,76.044955306737,0.676889656032998,BNE,LAX,1.69073345890915,4482,False
Sandramouth,Rogersfort,2023-09-07 11:59:04,-1.44839911165193,26,10622,John Davis,Economy,Gold,BNE-SYD,244.471348373642,231.760602058072,-0.689090795624576,SYD,SIN,1.07871926609697,3505,True
Lake Johnfurt,South Brittany,2023-10-08 01:24:52,-0.349750239606434,39,10623,Thomas Martin,First,Platinum,SYD-MEL,425.343502326347,533.622232156473,-1.15540436429739,SYD,LHR,1.04364078423572,2471,False
East Lori,Gallowaychester,2023-12-01 20:25:13,1.21806671493832,20,10624,Joseph Taylor,First,Silver,MEL-BNE,359.467736590111,540.838615742253,-0.384643013840006,SYD,LHR,0.903064706196448,3293,True
New Josephmouth,South Denisestad,2023-02-17 19:36:43,-0.965048640275229,35,10625,Michael Lopez,Business,Platinum,MEL-BNE,219.607157811514,138.623489578992,-0.526423217625366,SYD,LHR,1.03738609292239,2866,False
Lake Gracefurt,Jamesberg,2023-12-18 13:49:36,-0.962909578602211,168,10626,Sarah Davis,Business,Platinum,BNE-SYD,376.858421730145,319.470966529523,-0.588302588718497,MEL,LAX,1.37491893764855,3102,True
Port Jason,Mannshire,2023-02-11 18:45:40,-1.02401070771691,46,10627,Barbara Jackson,Economy,Silver,MEL-BNE,395.355838440415,92.2085849142892,0.601152051396092,BNE,LAX,1.31081551058292,1983,True
West Nicoleland,Vasquezhaven,2023-11-07 04:16:12,1.32620504856887,7,10628,Sarah Lopez,First,Gold,BNE-SYD,196.603739204326,425.799951979238,-0.633131682581152,SYD,LHR,0.77814419107183,1246,False
Port Michellefort,East Davidbury,2023-05-02 05:57:56,0.155792788585796,177,10629,Robert Rafaelyan,First,Gold,SYD-MEL,479.319742730034,209.60562062846,-0.360972723269647,MEL,LAX,1.63683162731938,1463,False
Samanthaport,Jeremyport,2023-09-14 18:48:43,-0.358541074280301,67,10630,William Wilson,Economy,Silver,SYD-MEL,275.133812347619,160.109814091312,-0.0569664706275036,MEL,LHR,1.15800632675807,17,False
New Ashley,West Victoriaside,2023-09-18 20:35:33,1.15919454113937,22,10631,Karen Rafaelyan,Business,Gold,MEL-BNE,151.150891599907,191.551673090507,-0.770072634567198,MEL,LHR,1.25981413854117,3642,False
Butlerside,East Morganburgh,2023-02-28 09:32:33,0.760701138759515,65,10632,Karen Brown,First,Gold,MEL-BNE,195.632213164931,470.691778143421,0.0699525177429896,SYD,SIN,1.09644169897714,4788,False
Hardyberg,Valenciachester,2023-11-08 19:36:05,-1.6756261350793,63,10633,Thomas Hernandez,Economy,Gold,SYD-MEL,368.217790267478,161.78667946608,-1.75299274704668,SYD,LHR,1.08770509512668,207,True
Flowersburgh,East Justin,2023-09-12 13:41:21,0.74856862801068,152,10634,Mary Martinez,Economy,Silver,SYD-MEL,333.062255367372,339.092002603866,-0.920122572901181,BNE,LHR,0.602089174841545,1521,False
Ericaton,Scottbury,2023-08-21 16:18:36,0.144697042349184,46,10635,Joseph Gonzalez,First,Platinum,SYD-MEL,387.329832034389,507.147946430149,0.0183840609714086,SYD,SIN,1.07242511723915,4347,False
Lake Randyland,Jacquelineland,2023-03-08 05:36:09,-1.39371888395555,56,10636,Linda Taylor,Business,Silver,SYD-MEL,280.889620512878,297.443556923159,0.169756636583866,SYD,LHR,1.56975142090169,4357,False
North Evelynland,Lucasstad,2023-06-06 03:59:43,-0.968188747980059,98,10637,Barbara Martinez,Business,Platinum,MEL-BNE,248.76547443457,326.931424512875,1.44603823379319,BNE,LHR,0.912508990483804,3805,True
Port Sheenatown,East Melissa,2023-10-03 13:10:49,1.2103276842706,78,10638,William Williams,Economy,Silver,MEL-BNE,602.593285501322,149.609335902114,1.05508573003209,BNE,SIN,1.52600164511394,3260,True
Simpsonstad,New Cathy,2023-01-02 03:38:22,-1.62145423253969,119,10639,John Williams,First,Gold,BNE-SYD,229.264717703997,433.556859153208,0.220107909668612,BNE,LAX,0.877933752638191,718,False
South Emily,East Jacob,2023-12-20 05:12:13,0.163208673200397,25,10640,Mary Williams,Business,Platinum,MEL-BNE,384.72402065673,175.670924740208,-0.133587561322109,MEL,LHR,0.915031976403551,3399,False
New Stevenfurt,Bondhaven,2023-08-05 22:27:41,1.19772733035277,4,10641,Michael Gonzalez,Business,Silver,SYD-MEL,314.30915718813,171.740195123372,-0.182988619975586,MEL,LAX,0.979443946377134,765,False
Williamsville,East Connie,2023-12-01 16:55:20,-0.999133145455659,141,10642,Barbara Anderson,Business,Silver,MEL-BNE,189.581131222906,95.1067471107786,-0.327094240593499,SYD,LAX,0.594659493515924,1753,False
West Richardmouth,Greenton,2023-07-13 10:13:44,1.23011725115284,83,10643,George Garcia,First,Gold,SYD-MEL,113.904605123772,195.302619236541,-0.292394289003996,MEL,LHR,0.919734851237926,2095,False
New Josephmouth,South Denisestad,2023-05-06 10:36:12,-0.924943517031042,169,10644,Susan Miller,First,Gold,MEL-BNE,289.953185632646,149.911348595256,-0.422961859427651,SYD,LHR,1.27439026443921,934,False
Wileyland,East Alyssa,2023-10-10 14:31:06,-1.57770355544047,137,10645,Patricia Lopez,Economy,Gold,BNE-SYD,354.279157728991,274.932090602541,1.53019512322467,BNE,LAX,1.02424307953424,1155,True
New Christopher,Kevinhaven,2023-03-10 20:27:02,0.79344378113161,84,10646,Jennifer Davis,Business,Silver,SYD-MEL,396.593717771294,111.340225278888,0.436820173989585,SYD,LAX,1.31550503956959,3382,False
New Josephmouth,South Denisestad,2023-09-26 23:45:46,-0.94721876217685,132,10647,George Jones,Economy,Silver,MEL-BNE,294.009509407064,168.325133881218,-0.620449983267067,SYD,LHR,0.993893071679596,2722,True
East Laura,New Jenniferfurt,2023-03-07 05:38:30,-1.49681514554632,9,10648,Charles Rodriguez,Economy,Silver,SYD-MEL,173.29157239559,266.780177475083,1.76892905399765,MEL,LHR,0.923918540035606,2390,True
Samanthaport,Jeremyport,2023-08-14 19:08:55,-0.363188697285485,76,10649,Barbara Jones,Economy,Platinum,SYD-MEL,190.589055310121,147.4134985039,-0.0595700644137022,MEL,LHR,1.08261343277188,1762,False
South Brenda,Nicholsshire,2023-03-25 17:02:20,0.68152832952658,52,10650,John Miller,Business,Silver,BNE-SYD,347.089243665317,192.744480348748,-1.09473595437998,SYD,LHR,1.84267795635757,2144,False
Pottsfort,Gutierrezport,2023-05-04 12:58:40,1.2422529203063,57,10651,Sarah Davis,Economy,Platinum,BNE-SYD,316.435918700855,218.880173445614,-0.286384161025993,BNE,LAX,0.868129862902179,2839,False
South Samanthaberg,Lake Meganside,2023-12-21 19:18:21,0.7625446787047,113,10652,Sarah Davis,Economy,Silver,MEL-BNE,170.269607869924,536.004836657589,1.77645684194747,MEL,LAX,1.06826183649521,2826,False
North Gregorymouth,Christinaville,2023-03-21 23:01:48,-0.356155090223269,168,10653,Robert Davis,Business,Silver,MEL-BNE,114.324958945929,502.618265208416,0.112742026349435,MEL,SIN,1.61120061598262,1373,True
Port Michellefort,East Davidbury,2023-03-28 00:52:55,0.152133635294452,94,10654,Jennifer Garcia,Economy,Silver,SYD-MEL,541.055830933525,266.831265781984,-0.429716806890318,MEL,LAX,1.73758714901607,263,True
Marymouth,Port Patriciaton,2023-08-18 12:42:06,0.17662868961095,58,10655,Linda Garcia,First,Silver,MEL-BNE,161.606215635571,320.55347097211,-0.0411928502226813,MEL,SIN,1.04540021602764,4345,True
Josephview,Port Garyport,2023-07-21 21:36:52,-0.363874863090523,22,10656,Sarah Wilson,Economy,Platinum,SYD-MEL,310.051511720077,554.26885053041,1.62729515528903,SYD,LAX,0.955816058103593,4789,False
South Brenda,Nicholsshire,2023-12-11 09:31:55,0.741141441949669,16,10657,Jessica Davis,First,Silver,BNE-SYD,279.180581280963,144.586419633614,-1.42440033638191,SYD,LHR,1.79637293499815,3583,False
East Erica,South Allenbury,2023-09-16 06:56:22,1.39827350243236,177,10658,George Martinez,Economy,Silver,MEL-BNE,284.853303069653,103.193781919063,-0.561747173887298,BNE,SIN,0.56310847077147,554,True
East Francesborough,Port Kristi,2023-12-19 20:08:13,1.27774167075686,0,10659,Mary Miller,Business,Platinum,SYD-MEL,521.372935687975,328.730061490664,-1.64829395189571,BNE,LHR,0.626893915991433,3198,False
New Christopher,Kevinhaven,2023-10-19 13:38:35,0.736325735340487,5,10660,Robert Davis,First,Silver,SYD-MEL,406.947051751465,84.2441560898869,0.410247058849334,SYD,LAX,1.18947535418578,1264,True
Reyesshire,Rogershaven,2023-09-07 23:57:27,1.24378109974669,97,10661,Elizabeth Moore,Business,Silver,MEL-BNE,196.40980702724,389.365168496003,-0.0498867889219766,SYD,LHR,1.11797572298475,3570,False
Julianberg,North Brittneychester,2023-12-20 03:37:04,1.19680909588011,99,10662,Barbara Jones,Economy,Gold,MEL-BNE,291.450194585047,342.073662898325,-1.19224794690834,MEL,SIN,0.812514896953672,2872,True
East Lori,Gallowaychester,2023-01-08 06:48:24,1.36404766479744,134,10663,George Martin,First,Platinum,MEL-BNE,327.574041080061,397.872877108767,-0.30687923239921,SYD,LHR,0.876748586694018,4843,False
Port Angela,Grahamburgh,2023-08-21 07:12:50,-1.43533419823133,107,10664,Mary Jackson,Business,Gold,BNE-SYD,572.014060265933,362.070647581612,0.0698221027608463,BNE,LHR,0.684249992305411,1535,False
New Christopher,Kevinhaven,2023-01-03 07:04:37,0.674004226566219,13,10665,Mary Miller,Business,Platinum,SYD-MEL,368.048839135394,89.1370536136491,0.396249098026232,SYD,LAX,1.05530746165203,4955,False
North Debbie,Mollyville,2023-01-27 17:33:02,-0.358275940082899,38,10666,Patricia Jones,Economy,Gold,SYD-MEL,410.804279841939,437.135561737821,-0.269411204817522,BNE,SIN,1.07681667834792,2844,False
New Stevenfurt,Bondhaven,2023-08-01 23:30:28,1.25621678617015,112,10667,Karen Jackson,First,Platinum,SYD-MEL,237.904113605057,166.809817894478,-0.197034367257221,MEL,LAX,1.01321683987235,2465,True
New Guymouth,Jonesborough,2023-05-25 08:28:41,0.187821893649173,35,10668,Michael Jackson,Economy,Gold,BNE-SYD,139.771894376995,415.55973774204,1.55644375023428,BNE,LHR,0.816253716387628,3326,True
New Guymouth,Jonesborough,2023-05-04 14:48:17,0.165110954488159,35,10669,Richard Gonzalez,Business,Silver,BNE-SYD,127.156377833078,376.618758167241,1.48898169182596,BNE,LHR,0.742337603305252,4989,False
New Michelle,Wallacehaven,2023-08-24 08:40:35,0.651762654950093,179,10670,Jessica Taylor,Business,Gold,MEL-BNE,153.760709411467,217.623103576597,-1.60059083642563,SYD,SIN,1.05575708476517,396,True
Coxburgh,Levineport,2023-12-19 12:36:57,-0.422631363479423,113,10671,Mary Wilson,First,Silver,BNE-SYD,406.366060105121,211.526862601278,0,BNE,LHR,0.926219781591338,2051,True
Port Carolyn,Port Robert,2023-06-09 07:40:45,-1.62521541414503,3,10672,George Miller,Business,Silver,BNE-SYD,202.408528663391,309.989382638348,0.651537429957603,BNE,LHR,1.45194410199275,4222,False
Jonesside,Cookshire,2023-12-18 15:22:16,0.165885403399313,7,10673,Mary Lopez,Business,Platinum,SYD-MEL,412.531461458482,445.055021091132,-0.651036540248383,SYD,SIN,0.77203038862894,3902,False
Williamsville,East Connie,2023-11-03 18:08:28,-0.98554258502527,24,10674,John Johnson,First,Gold,MEL-BNE,154.475531156372,75.8714783637091,-0.284166142775495,SYD,LAX,0.789201591211639,2946,False
Cobbshire,Port Johnport,2023-08-07 04:52:15,0.147869441666324,83,10675,Patricia Hernandez,First,Platinum,BNE-SYD,290.027803687636,351.815053946957,0.190122294481711,SYD,LHR,1.14692662972065,217,False
Reyesshire,Rogershaven,2023-10-28 01:21:51,1.19241792243342,124,10676,Thomas Miller,First,Gold,MEL-BNE,209.101393466895,407.20983560925,-0.0535280817334836,SYD,LHR,1.15549655059549,3365,False
Pottsfort,Gutierrezport,2023-05-28 17:56:33,1.316145950516,90,10677,Mary Martinez,Business,Platinum,BNE-SYD,330.524468575389,268.353088719057,-0.356166377986859,BNE,LAX,0.995383176801324,3545,True
Julianberg,North Brittneychester,2023-02-06 10:12:57,1.2737657673932,94,10678,William Jones,First,Platinum,MEL-BNE,284.883715266936,433.933480230371,-1.65612936711242,MEL,SIN,0.842780957316363,1596,True
Hardyberg,Valenciachester,2023-03-05 05:42:03,-1.50843603281149,171,10679,Thomas Anderson,Business,Silver,SYD-MEL,507.715385955292,194.047865621164,-1.49755580972529,SYD,LHR,0.885107626173139,4483,False
New Ashley,West Victoriaside,2023-04-30 18:58:58,1.35392615174115,13,10680,John Martin,First,Silver,MEL-BNE,121.526141137473,206.252715056412,-1.002129859317,MEL,LHR,1.22138819402045,388,True
New Christopher,Kevinhaven,2023-01-27 17:43:21,0.783987070381875,127,10681,Barbara Taylor,First,Silver,SYD-MEL,491.407505615969,108.110210772636,0.341209032697592,SYD,LAX,1.3975749499347,3163,True
East Lori,Gallowaychester,2023-02-22 02:14:56,1.34461607890347,34,10682,Susan Garcia,Business,Platinum,MEL-BNE,272.150125750628,465.308982420283,-0.282088212001381,SYD,LHR,0.767965123923996,4628,False
Mcdonaldmouth,Ryanfort,2023-07-20 06:58:04,1.1547466481427,124,10683,John Garcia,First,Gold,MEL-BNE,416.730211836266,248.055020223196,1.44858549310361,BNE,LHR,0.552912491766682,191,True
West Nicoleland,Vasquezhaven,2023-07-08 09:42:36,1.14698743954352,82,10684,Michael Thomas,First,Gold,BNE-SYD,183.062239104773,311.090684241168,-0.891971865219185,SYD,LHR,0.884743851977643,4733,False
Wilsonstad,Lake Johnmouth,2023-05-04 23:22:03,1.22508451555685,41,10685,John Davis,Economy,Platinum,MEL-BNE,373.349539102638,357.094714045163,-0.771186847990184,MEL,LHR,0.659832303039675,4393,True
Port Jason,Mannshire,2023-12-22 12:23:45,-0.908939321484838,20,10686,John Martin,Economy,Silver,MEL-BNE,461.205745032869,88.0891903929386,0.552532631942024,BNE,LAX,1.59776999386014,2575,True
New Barbara,Lake Matthew,2023-03-04 05:09:15,-0.39940638174048,54,10687,Michael Anderson,Economy,Platinum,SYD-MEL,494.089790108175,177.397985906025,-0.854907345264712,BNE,SIN,1.01460712512107,2040,True
Ericaton,Scottbury,2023-12-18 20:56:06,0.175429623056539,56,10688,Richard Brown,Economy,Platinum,SYD-MEL,427.101160417594,411.726021446324,0.0199826540769735,SYD,SIN,0.86209153551618,3949,True
New Brent,Port Wanda,2023-12-30 16:19:38,1.16030119685256,162,10689,Karen Williams,Economy,Silver,BNE-SYD,118.333803529093,331.46833074341,-1.07767263563413,MEL,SIN,1.57689601170736,1518,False
Arnoldtown,Morriston,2023-02-14 03:59:00,0.146301673408133,157,10690,John Moore,Economy,Platinum,SYD-MEL,430.453468086247,219.625652566836,-1.0880235640058,SYD,LAX,0.507748415581129,3345,False
Reyesshire,Rogershaven,2023-09-07 01:00:54,1.20924252564221,58,10691,John Anderson,Economy,Platinum,MEL-BNE,199.341011582573,354.223632117899,-0.0608187925321116,SYD,LHR,1.03077443294261,3100,False
Simpsonstad,New Cathy,2023-02-09 10:37:01,-1.69178802869136,135,10692,Joseph Williams,First,Gold,BNE-SYD,240.28823982126,380.59754423548,0.267218234286683,BNE,LAX,0.966129823715611,4063,False
Wandaborough,West Michael,2023-11-20 03:26:53,-0.400301917913449,146,10693,William Gonzalez,Economy,Platinum,BNE-SYD,272.082851604704,381.251903477988,1.75849450189161,BNE,LAX,0.692378247291792,197,False
Pottsfort,Gutierrezport,2023-05-08 19:55:44,1.23854307409973,36,10694,Jessica Taylor,Business,Platinum,BNE-SYD,269.4640819963,268.981373426262,-0.29497310017108,BNE,LAX,1.02900376826357,2160,True
Marymouth,Port Patriciaton,2023-05-18 17:19:52,0.175443868782017,28,10695,William Anderson,Business,Silver,MEL-BNE,182.343055514231,327.860258545124,-0.0412419980806363,MEL,SIN,1.26044498098712,4114,False
Edwardsbury,Cassandramouth,2023-01-04 07:37:41,-0.409892743158251,42,10696,Jessica Williams,Economy,Gold,MEL-BNE,286.599802378929,410.897995839269,0.945456026500685,MEL,LAX,0.629975906966872,4994,False
Walkerberg,Lake Matthewbury,2023-05-25 01:00:40,1.3122989371643,153,10697,Sarah Jackson,Economy,Silver,MEL-BNE,392.89774679707,336.225289818714,0.430883020373188,BNE,LAX,1.1467164747706,342,False
Leeberg,Higginstown,2023-09-15 21:40:55,-0.930184309245026,96,10698,Patricia Jones,Economy,Silver,MEL-BNE,410.53698119245,413.544308017452,-1.31700925319798,SYD,LAX,1.3637968112481,4252,True
Port Michellefort,East Davidbury,2023-08-26 00:29:06,0.155442028743545,173,10699,Jennifer Miller,First,Gold,SYD-MEL,472.984261004,286.191443035182,-0.332280891899564,MEL,LAX,1.68803982550123,4756,False
South Deborah,New Kathrynburgh,2023-11-03 06:41:32,0.177454605484495,125,10700,Karen Jackson,First,Platinum,MEL-BNE,205.355134734237,324.494494007455,-1.422309129629,SYD,SIN,0.69110606971697,4599,True
Port Angela,Grahamburgh,2023-10-18 04:02:35,-1.54981462471855,45,10701,Thomas Rafaelyan,Business,Gold,BNE-SYD,523.600162299482,375.160305856731,0.0964228534214823,BNE,LHR,0.539477012375879,3606,False
West Nicoleland,Vasquezhaven,2023-05-20 10:51:51,1.2463458321203,104,10702,David Anderson,Business,Silver,BNE-SYD,215.955770084865,454.36861469558,-0.795875176716697,SYD,LHR,0.823311584043179,4347,False
Lindseyton,Lake Jesus,2023-09-23 03:17:18,-0.814360735974188,174,10703,Richard Garcia,First,Silver,BNE-SYD,382.551785129683,423.947728696842,0.0645300535748633,MEL,LHR,1.41089257372072,3399,True
Coxburgh,Levineport,2023-03-08 06:47:47,-0.40035641347597,5,10704,Richard Miller,Business,Gold,BNE-SYD,321.457435674634,229.016588334344,-0.143090240268151,BNE,LHR,1.09893529157967,1306,False
Josechester,East Michellechester,2023-11-08 14:05:19,-0.40123088043994,58,10705,Patricia Rafaelyan,Business,Platinum,SYD-MEL,123.981394249187,243.410184679998,-0.00932863291577135,BNE,LAX,1.01515799380194,3084,True
Michaelbury,Nelsonstad,2023-12-24 16:30:27,-1.45166998569825,89,10706,David Anderson,First,Platinum,BNE-SYD,470.484269022221,248.334107012055,0.88421542474114,BNE,LHR,0.799582775634109,3318,False
Port Jason,Mannshire,2023-10-11 21:56:03,-0.994392701856727,74,10707,Elizabeth Gonzalez,Economy,Platinum,MEL-BNE,393.154339133325,77.6211799722936,0.639363300832395,BNE,LAX,1.28039794286039,4956,False
Tiffanychester,Hughesland,2023-12-16 18:17:54,-0.377709614347077,54,10708,Michael Williams,First,Gold,SYD-MEL,370.700976427923,195.234977618548,1.72782657077006,BNE,SIN,1.37793060962291,3542,True
Cobbshire,Port Johnport,2023-12-01 20:01:34,0.176223438922362,39,10709,Jessica Miller,First,Platinum,BNE-SYD,406.771432222892,353.285215426561,0.227776685283942,SYD,LHR,1.35830864560824,3875,False
Josephtown,Port Kennethfurt,2023-11-20 02:52:05,1.35925992463542,19,10710,Thomas Brown,First,Gold,SYD-MEL,120.802541678244,119.165506577993,0.317854156407706,BNE,SIN,0.918512437936013,4687,True
Lake Billyland,Loganchester,2023-09-22 13:57:32,1.16687500718843,151,10711,Sarah Martin,Economy,Silver,MEL-BNE,220.541731245383,370.130597546131,-1.95336219877394,BNE,LAX,1.08029317819304,1986,False
New Josephmouth,South Denisestad,2023-09-19 17:27:22,-0.997340126507464,151,10712,Susan Moore,Business,Gold,MEL-BNE,222.868956381137,142.217104140733,-0.474990824057109,SYD,LHR,1.00496731192438,1907,False
South Samanthaberg,Lake Meganside,2023-08-05 17:01:22,0.695221541735123,161,10713,George Jones,Business,Silver,MEL-BNE,149.186799615827,477.891270112121,1.65302542310275,MEL,LAX,1.0700019529715,3167,False
New Josephmouth,South Denisestad,2023-01-31 19:02:29,-0.915870082782838,100,10714,Patricia Wilson,First,Gold,MEL-BNE,228.172611885834,114.024816922783,-0.540049191296121,SYD,LHR,0.919122176569304,4591,False
Martinezborough,Johnfurt,2023-11-04 22:50:50,-1.42867294996913,39,10715,Michael Jones,First,Platinum,BNE-SYD,200.400658255641,226.380423776081,0.96277382053396,MEL,SIN,0.588794526046864,3209,False
West Nicoleland,Vasquezhaven,2023-10-07 23:06:48,1.199043479703,164,10716,George Taylor,Business,Silver,BNE-SYD,158.766193945733,437.52031271903,-0.654265266135273,SYD,LHR,0.69581882558078,4146,True
Michaelbury,Nelsonstad,2023-12-04 06:08:18,-1.3646599020348,109,10717,Linda Miller,Economy,Platinum,BNE-SYD,434.605442815119,216.906224950989,1.04525049776429,BNE,LHR,0.80800181625333,4205,True
Julianberg,North Brittneychester,2023-04-11 21:43:09,1.40712038633819,129,10718,Elizabeth Lopez,Business,Platinum,MEL-BNE,251.303005543092,403.414390719932,-1.67581048411841,MEL,SIN,0.69119123091495,209,True
East Lori,Gallowaychester,2023-03-17 17:39:45,1.28890907754681,44,10719,Susan Taylor,Business,Silver,MEL-BNE,303.726340519267,522.499116052046,-0.268088452364823,SYD,LHR,0.871658393131752,2961,False
South Brenda,Nicholsshire,2023-02-22 22:13:40,0.737122101232176,105,10720,Linda Wilson,Business,Platinum,BNE-SYD,292.817291887139,206.347625206414,-1.13893042773362,SYD,LHR,1.63115301435415,3522,True
Michaelchester,Fullerbury,2023-06-30 15:43:52,0.733428501200901,48,10721,Linda Martin,Business,Platinum,BNE-SYD,312.294800462273,358.497451049086,-0.874764068819779,MEL,LAX,0.710203777769959,586,True
Williamsville,East Connie,2023-12-16 07:04:22,-0.957706040596574,159,10722,Thomas Moore,First,Gold,MEL-BNE,220.257614432162,98.5025572318481,-0.294533735170388,SYD,LAX,0.617953684807881,161,True
South Brenda,Nicholsshire,2023-10-06 11:42:41,0.723563750396893,15,10723,Michael Wilson,Economy,Gold,BNE-SYD,329.661883577195,208.406500922794,-1.2203616681466,SYD,LHR,1.63565467263402,3645,False
South Brittany,Fitzgeraldbury,2023-08-19 09:58:26,-1.4001245849073,19,10724,Charles Miller,Economy,Gold,SYD-MEL,437.276748073719,205.003293524824,2.11651657314252,BNE,SIN,0.733835961619149,2378,True
East Laura,New Jenniferfurt,2023-10-18 09:29:28,-1.35505976775911,151,10725,Joseph Hernandez,Business,Silver,SYD-MEL,145.099120118436,270.521702032342,1.30415183768179,MEL,LHR,1.12357767587867,3379,True
Kennedyfort,South Amy,2023-12-10 19:18:13,0.777074256886525,58,10726,Richard Wilson,First,Platinum,BNE-SYD,319.016798372076,354.816515079545,1.50048275248601,BNE,SIN,0.944018286621339,4140,True
North Lorifurt,Johnsontown,2023-07-02 13:53:25,1.34932793445509,72,10727,Joseph Martinez,Business,Silver,BNE-SYD,474.797407716824,424.323721973785,1.37975899042176,MEL,LAX,1.01443188758294,2328,True
Aprilchester,North Jeffreyside,2023-09-20 23:23:10,0.768533792693055,37,10728,John Garcia,Business,Platinum,MEL-BNE,175.436537737433,147.831051615577,-1.30462106341088,BNE,LAX,1.15317371190341,3237,False
North Evelynland,Lucasstad,2023-04-16 09:15:23,-1.0133228045712,79,10729,Sarah Thomas,Economy,Platinum,MEL-BNE,277.970938902574,294.505902250727,1.08385171454268,BNE,LHR,0.924796139178643,3714,True
Brianshire,West Alexis,2023-05-20 10:19:29,1.28750464983278,23,10730,Patricia Taylor,First,Platinum,SYD-MEL,384.926492410415,290.092176419459,1.78725953380409,SYD,LHR,0.554079945290976,2633,False
Owenborough,Kelleymouth,2023-04-19 01:59:44,-0.416670361692757,115,10731,George Moore,Business,Silver,BNE-SYD,469.796576496797,343.165953247437,-0.598339835076996,BNE,SIN,1.03167536235406,4679,True
Lake Jeremyville,North Lawrencemouth,2023-02-28 10:47:12,0.168325154583985,105,10732,Richard Johnson,Economy,Platinum,MEL-BNE,340.673005521099,281.934775640265,-0.575708856960627,MEL,LAX,0.83193185109355,3060,True
North Karenstad,Ashleyburgh,2023-12-23 00:03:08,-1.4765321238127,88,10733,Mary Johnson,Business,Gold,SYD-MEL,407.057445885444,386.318747776528,-0.887647981397426,BNE,LAX,0.914517893597454,2844,True
Sandramouth,Rogersfort,2023-04-08 12:45:24,-1.60867865925916,123,10734,Elizabeth Garcia,Business,Silver,BNE-SYD,266.209152081349,227.074144443758,-0.884724871329616,SYD,SIN,1.05784717853442,2952,True
Lake Alexandrashire,Stephaniefort,2023-08-22 21:43:02,0.776582529410877,45,10735,Michael Rodriguez,First,Platinum,SYD-MEL,204.816264198503,82.6951366488706,0.350886936921979,MEL,LHR,1.49050175731404,3871,True
Brianshire,West Alexis,2023-06-11 05:55:02,1.39292685912688,11,10736,William Taylor,Business,Silver,SYD-MEL,532.482110646888,255.017041632481,1.66945908957809,SYD,LHR,0.457837266511596,4963,True
New Sarashire,West Graceside,2023-05-10 13:55:29,0.17974684550646,139,10737,Elizabeth Garcia,First,Gold,SYD-MEL,446.363297182983,274.78568264304,-0.279082923280537,SYD,SIN,0.645911589085009,81,True
South Staceyhaven,West Kenneth,2023-07-09 03:13:21,-1.4842260832139,92,10738,Sarah Wilson,Business,Silver,BNE-SYD,193.77357875641,267.317613832081,-0.59130989057181,BNE,SIN,0.639956660433011,2996,True
Martinezborough,Johnfurt,2023-05-03 07:06:54,-1.54044337235737,114,10739,Karen Taylor,Economy,Platinum,BNE-SYD,181.970410409976,267.505575589727,0.773370438763974,MEL,SIN,0.657888908962245,2095,True
West Randyton,West Dannyport,2023-10-21 01:11:42,0.158700069993212,115,10740,Richard Garcia,First,Platinum,BNE-SYD,237.983017929118,114.889605352749,1.49288887955304,BNE,LHR,1.30071973713382,1502,False
Coxburgh,Levineport,2023-05-09 11:16:07,-0.373932703267758,178,10741,Elizabeth Thomas,First,Silver,BNE-SYD,341.880236006546,192.508376623878,-0.124111048540391,BNE,LHR,0.988183416649436,4615,False
West Richardmouth,Greenton,2023-06-30 06:41:45,1.36601567913168,62,10742,William Johnson,First,Platinum,SYD-MEL,94.4941782691822,265.166206786769,-0.361256565831827,MEL,LHR,1.06330279269292,2028,True
Stevenville,Nicholasberg,2023-12-21 15:57:44,0.180679024730243,35,10743,Patricia Wilson,First,Silver,MEL-BNE,529.122717472574,294.54060818967,-1.29494003654554,BNE,LHR,1.82810431347314,1846,True
West Richardmouth,Greenton,2023-11-20 02:46:10,1.36804064928063,147,10744,Susan Davis,Economy,Silver,SYD-MEL,131.822597121472,249.687173800218,-0.316799345811648,MEL,LHR,1.04366243834544,1803,True
East Erica,South Allenbury,2023-08-08 21:03:03,1.18190001834047,159,10745,Susan Jones,Business,Gold,MEL-BNE,279.76536081992,121.476846931799,-0.597661579863503,BNE,SIN,0.566421708840059,1692,True
Josephtown,Port Kennethfurt,2023-03-07 06:44:44,1.21569743169763,48,10746,Joseph Williams,Business,Platinum,SYD-MEL,148.182755582856,114.203951670543,0.376578017920382,BNE,SIN,0.905303334467395,3152,True
Wandaborough,West Michael,2023-02-02 03:54:35,-0.384686966802094,178,10747,Elizabeth Davis,Economy,Gold,BNE-SYD,257.125070412857,405.459273335303,1.77183800986416,BNE,LAX,0.618506945228049,1829,True
Aprilchester,North Jeffreyside,2023-06-07 01:37:01,0.67310748991022,145,10748,Sarah Rafaelyan,First,Gold,MEL-BNE,141.471633053976,134.848144719188,-1.08359527822215,BNE,LAX,1.30373277125387,1750,False
North Evelynland,Lucasstad,2023-01-23 19:55:22,-0.852375217617686,60,10749,Elizabeth Jackson,Economy,Gold,MEL-BNE,323.92994442346,405.255277736079,1.3176652346228,BNE,LHR,0.995612392204604,994,True
Butlerside,East Morganburgh,2023-04-28 08:46:16,0.672045851911237,133,10750,George Williams,Economy,Platinum,MEL-BNE,170.556455560471,414.97823842182,0.0532899752808341,SYD,SIN,0.989191145108807,3104,False
Flowersburgh,East Justin,2023-03-07 15:44:37,0.662079750540988,0,10751,Mary Jones,Business,Gold,SYD-MEL,332.817305109539,298.229747845633,-0.908637509053241,BNE,LHR,0.725181873267856,3673,True
East Erica,South Allenbury,2023-10-25 06:26:05,1.36329139165565,70,10752,Richard Gonzalez,Economy,Platinum,MEL-BNE,221.019119110946,82.2300917369842,-0.590228585450431,BNE,SIN,0.446302839388129,3449,False
New Ashley,West Victoriaside,2023-02-26 07:06:38,1.18849226359443,31,10753,Thomas Williams,Business,Platinum,MEL-BNE,169.126612300822,239.893817519779,-0.986606932044458,MEL,LHR,1.05547063521417,1632,True
Leeberg,Higginstown,2023-11-09 18:07:27,-0.935921960334976,97,10754,Charles Johnson,Business,Silver,MEL-BNE,402.560043047089,538.29601038654,-1.58937260678841,SYD,LAX,1.41352867850035,4678,False
Lake Davidshire,Lake Shawn,2023-08-14 03:59:01,-0.420960248190021,152,10755,Jessica Johnson,First,Silver,SYD-MEL,365.416478285177,175.184979751869,0.620881319271014,MEL,LHR,1.50719831865876,4121,True
Pottsfort,Gutierrezport,2023-09-25 17:54:10,1.10897717145202,159,10756,Sarah Brown,Economy,Platinum,BNE-SYD,261.57929595893,232.68522500039,-0.343195731836877,BNE,LAX,0.83568011632341,1517,True
South Kimberlyland,North William,2023-08-13 20:45:54,-0.948094908232957,123,10757,Jessica Rodriguez,Economy,Platinum,BNE-SYD,286.27298937569,100.304864185167,1.94704571743425,SYD,SIN,1.72952577200391,4720,True
Port Edgar,Aliciaview,2023-08-09 06:20:31,-0.362020796215054,10,10758,Robert Anderson,Economy,Gold,BNE-SYD,263.403144763253,381.41054538279,-1.35975869770325,MEL,SIN,0.87326511152598,2271,True
South Kimberlyland,North William,2023-01-08 04:20:40,-0.987555052252009,16,10759,Michael Williams,First,Gold,BNE-SYD,301.943078695809,115.258906415239,2.35010535642611,SYD,SIN,1.52348190959475,3241,False
New Sarashire,West Graceside,2023-05-29 11:58:21,0.169734672145012,159,10760,Robert Jackson,Business,Platinum,SYD-MEL,419.268755924884,312.110051027772,-0.369181474211617,SYD,SIN,0.680359877401918,4557,False
Martinezborough,Johnfurt,2023-02-15 03:13:58,-1.51819412458092,59,10761,Joseph Davis,Business,Silver,BNE-SYD,143.628863769027,305.373333174282,0.730108624514223,MEL,SIN,0.576947024447377,1116,False
Mcdonaldmouth,Ryanfort,2023-02-26 00:12:15,1.35312877138024,140,10762,Linda Brown,Economy,Platinum,MEL-BNE,429.321615179688,265.066845493983,1.08414340406879,BNE,LHR,0.582052950572729,3777,True
Tiffanychester,Hughesland,2023-07-06 18:22:18,-0.417943486849727,35,10763,Mary Williams,Economy,Silver,SYD-MEL,423.158962454266,178.437718262459,2.03559330422107,BNE,SIN,1.47256005707713,2504,True
Butlerside,East Morganburgh,2023-10-04 03:49:58,0.715339001220655,120,10764,Charles Miller,First,Silver,MEL-BNE,182.824962983902,444.513436668914,0.0524037483613975,SYD,SIN,1.09559839095499,4823,False
Flowersburgh,East Justin,2023-05-16 18:50:28,0.804054133835434,47,10765,Robert Anderson,First,Silver,SYD-MEL,328.681172366749,291.07932412407,-1.19793793038198,BNE,LHR,0.673604744833751,1260,False
Port Angela,Grahamburgh,2023-10-28 00:56:17,-1.5586597951432,126,10766,Charles Rodriguez,Business,Gold,BNE-SYD,569.893929041616,393.174877350088,0.0822279517390041,BNE,LHR,0.673285609954788,953,False
Lake Jeremyville,North Lawrencemouth,2023-11-22 01:53:25,0.17355133542608,172,10767,Joseph Rodriguez,First,Silver,MEL-BNE,275.762161685665,286.200259707978,-0.502068755703106,MEL,LAX,0.857775662847027,2521,False
Port Cory,Russellberg,2023-06-11 10:20:09,1.18787035028813,123,10768,Jessica Johnson,Economy,Platinum,MEL-BNE,288.217876628489,280.247080836689,1.97001008834349,BNE,LAX,1.38331215558448,1848,False
East David,South Nicholasville,2023-04-06 02:50:25,-0.41080658357394,30,10769,Michael Jones,First,Gold,SYD-MEL,250.618303438727,456.590392804252,0.0131449096546339,SYD,SIN,1.21807663756148,452,True
New Josephmouth,South Denisestad,2023-01-26 10:21:29,-1.02575983037589,107,10770,Susan Jones,Business,Silver,MEL-BNE,262.811453669691,165.772731935514,-0.619913284294373,SYD,LHR,1.08491879625144,395,True
Lake Billyland,Loganchester,2023-12-09 03:19:32,1.17969005281288,50,10771,Richard Miller,Economy,Platinum,MEL-BNE,196.288371541666,312.679088697905,-1.49238318502441,BNE,LAX,1.01608236984092,4284,False
West Richardmouth,Greenton,2023-04-27 14:21:15,1.36136168884429,155,10772,Patricia Miller,First,Platinum,SYD-MEL,101.316862134822,261.385102904576,-0.357308318990013,MEL,LHR,1.11605433450796,1427,False
Josephview,Port Garyport,2023-05-21 18:22:09,-0.366524922926435,78,10773,Patricia Rodriguez,Economy,Platinum,SYD-MEL,292.8220897753,403.017421769795,0,SYD,LAX,1.11215645051388,4041,False
Samanthaport,Jeremyport,2023-02-22 06:04:17,-0.414932006964367,11,10774,Robert Davis,Business,Silver,SYD-MEL,255.177964645697,154.285124899383,-0.0613456246128882,MEL,LHR,1.16521867302366,2793,True
South Deborah,New Kathrynburgh,2023-09-12 06:13:08,0.169357225898974,112,10775,George Taylor,First,Silver,MEL-BNE,222.916122824163,271.855322642149,-1.74416047372066,SYD,SIN,0.909490471963943,3767,False
East Thomasland,North Jennifershire,2023-06-04 09:44:27,1.20917555108195,55,10776,Linda Martinez,Economy,Gold,MEL-BNE,123.320431758071,127.661448832683,-1.59596553695976,MEL,LHR,0.411003701724648,4833,True
Flowersburgh,East Justin,2023-09-19 21:04:46,0.781982713643716,77,10777,Jessica Moore,First,Platinum,SYD-MEL,334.383350783186,243.103298722359,-1.13455200905512,BNE,LHR,0.839537406634212,2781,False
Lake Billyland,Loganchester,2023-09-29 01:42:28,1.19574605645128,112,10778,George Rodriguez,Business,Gold,MEL-BNE,178.931669395776,331.780743390008,-1.68004723101156,BNE,LAX,0.852426923485068,2781,False
Lake Alexandrashire,Stephaniefort,2023-04-09 01:08:21,0.759488575925912,93,10779,Joseph Johnson,Business,Gold,SYD-MEL,199.514737739432,109.096108565114,0.468826763144264,MEL,LHR,1.49263292302905,1527,True
Lake Gracefurt,Jamesberg,2023-12-29 16:11:48,-0.976965734420796,76,10780,John Martinez,Business,Platinum,BNE-SYD,263.919180816898,282.557620667053,-0.579353743159681,MEL,LAX,1.1286292330151,2336,True
Brittanyview,Elizabethview,2023-12-30 20:05:27,-0.351946805244244,52,10781,Patricia Martin,Business,Gold,BNE-SYD,308.368932592876,238.692026625493,-1.05444729518027,MEL,LHR,0.768601301385127,2339,False
Hardyberg,Valenciachester,2023-08-19 16:07:13,-1.51887834191719,37,10782,Barbara Thomas,Economy,Silver,SYD-MEL,531.082346065416,228.987522884942,-1.62915603156858,SYD,LHR,0.782511455790382,2500,False
Martinezborough,Johnfurt,2023-05-18 17:17:29,-1.40387258365954,71,10783,Jessica Garcia,Economy,Platinum,BNE-SYD,193.449082360276,305.889078890741,0.813962361272577,MEL,SIN,0.605532429486038,4457,False
North Selena,Katherineburgh,2023-04-07 21:36:29,-1.57199263034943,170,10784,Patricia Rodriguez,Business,Platinum,SYD-MEL,408.58522090509,349.230311830795,0.251966905768255,SYD,SIN,1.22014899245835,3236,True
Lake Gracefurt,Jamesberg,2023-08-09 15:27:38,-0.856307444008339,174,10785,Susan Anderson,Business,Platinum,BNE-SYD,360.658512685403,329.052928717405,-0.495010348782781,MEL,LAX,1.10654947966308,2597,False
South Samanthaberg,Lake Meganside,2023-05-25 21:35:12,0.766536464550022,146,10786,Karen Thomas,First,Platinum,MEL-BNE,163.65464171024,421.946272092382,1.61869124474142,MEL,LAX,1.16202825896875,2066,False
Port Carolyn,Port Robert,2023-12-11 14:57:47,-1.5481691718627,28,10787,Charles Johnson,Business,Gold,BNE-SYD,166.626553330685,212.955081836638,0.597420747577936,BNE,LHR,1.08152940666629,2487,False
North Evelynland,Lucasstad,2023-08-13 19:06:58,-1.02908203177372,46,10788,Richard Brown,First,Gold,MEL-BNE,325.451065645666,329.244909150762,1.20374019539607,BNE,LHR,1.1496548791674,1622,False
Brittanyview,Elizabethview,2023-03-10 05:50:59,-0.361530947700857,60,10789,Barbara Hernandez,First,Platinum,BNE-SYD,326.872486521982,269.130380493323,-1.04484263250789,MEL,LHR,0.614880980728857,4826,False
Wandaborough,West Michael,2023-05-03 14:52:11,-0.429046817360479,112,10790,Sarah Anderson,Business,Gold,BNE-SYD,278.603613864556,402.980345370249,1.77591454909511,BNE,LAX,0.586526919859697,471,True
Michaelbury,Nelsonstad,2023-04-15 03:53:52,-1.51512200003799,66,10791,Robert Davis,Economy,Silver,BNE-SYD,517.317506686989,213.595146979607,0.906108002021577,BNE,LHR,0.786191912288047,2792,False
New Stevenfurt,Bondhaven,2023-10-15 18:17:18,1.27227871001935,167,10792,Jessica Gonzalez,Economy,Gold,SYD-MEL,264.553590680936,184.234494911354,-0.185485186713748,MEL,LAX,1.08466628045482,2027,False
Sandramouth,Rogersfort,2023-03-17 01:23:49,-1.50377564886756,75,10793,Mary Anderson,Economy,Gold,BNE-SYD,266.421502518395,303.43294074977,-0.897917610606787,SYD,SIN,0.925992314813027,4066,False
Tiffanychester,Hughesland,2023-05-10 03:07:19,-0.359409682788926,152,10794,David Jones,Economy,Gold,SYD-MEL,411.932636981861,156.363256760671,2.40698362896038,BNE,SIN,1.53056586443432,4799,True
Josephtown,Port Kennethfurt,2023-09-25 13:36:18,1.2780398557462,151,10795,Elizabeth Johnson,First,Platinum,SYD-MEL,179.720915576489,120.952532743474,0,BNE,SIN,0.981690952610933,1659,False
West Vincentchester,North Stevenhaven,2023-05-27 03:47:18,-0.370865403939505,127,10796,David Brown,First,Platinum,BNE-SYD,171.386369521891,328.103192915902,1.34393360949331,MEL,LHR,1.45988515567251,3318,True
Thomasshire,Freemanfort,2023-01-14 17:06:02,-0.391935854490556,82,10797,David Taylor,First,Platinum,BNE-SYD,269.526033004707,397.239815273285,0.434774716427657,BNE,LAX,1.18255385375645,1598,False
Port Angela,Grahamburgh,2023-02-12 06:36:00,-1.4299110823706,94,10798,Joseph Rafaelyan,Business,Silver,BNE-SYD,407.905448964252,355.133014417507,0.0662201535559347,BNE,LHR,0.468173362595045,137,True
Ericaton,Scottbury,2023-03-26 08:59:38,0.144784608239889,81,10799,William Davis,Business,Gold,SYD-MEL,384.316932063696,463.164019382012,0.0206864052749263,SYD,SIN,0.931154328238875,1229,False
Murrayhaven,Lake Jennifermouth,2023-11-06 04:38:53,-0.930786440417619,104,10800,John Hernandez,Business,Platinum,BNE-SYD,397.618030494701,240.471568249197,0.763562979927785,SYD,LHR,1.56737453343087,841,True
Ericaton,Scottbury,2023-05-09 14:25:17,0.145046879172769,38,10801,Jessica Lopez,First,Gold,SYD-MEL,310.3600023766,568.75292484412,0.0225782541507557,SYD,SIN,0.752437722375303,3513,False
New Michelle,Wallacehaven,2023-02-16 18:16:09,0.735627960751875,79,10802,Robert Anderson,First,Platinum,MEL-BNE,129.599860153203,202.77641337502,-1.93163988943792,SYD,SIN,1.24750292825915,4220,True
Flowersburgh,East Justin,2023-09-05 02:51:55,0.794146971459893,129,10803,Susan Davis,First,Platinum,SYD-MEL,274.891810599919,318.140682675584,-1.04482674220112,BNE,LHR,0.601085065236395,1145,False
New Brent,Port Wanda,2023-02-17 05:12:22,1.3516587087445,24,10804,Linda Rodriguez,Economy,Gold,BNE-SYD,103.951667030117,391.400036751162,-0.862401373690725,MEL,SIN,1.50049799061018,4737,True
South Deborah,New Kathrynburgh,2023-02-14 10:49:30,0.171361649684277,75,10805,Mary Moore,Business,Gold,MEL-BNE,171.330922957916,340.302756803144,-1.75886370494322,SYD,SIN,1.0284778109971,239,False
Lake Jeremyville,North Lawrencemouth,2023-06-29 11:38:53,0.169627993079135,29,10806,William Taylor,Economy,Platinum,MEL-BNE,378.212812642986,228.764857891771,-0.43678648066438,MEL,LAX,0.90806180867302,3195,True
North Evelynland,Lucasstad,2023-09-24 08:01:34,-1.02965223763189,141,10807,Patricia Thomas,Economy,Silver,MEL-BNE,276.073313495497,367.811306042713,1.38806557886348,BNE,LHR,1.09975815313561,4597,True
South Emily,East Jacob,2023-02-08 23:11:49,0.176371929575723,35,10808,John Gonzalez,Economy,Silver,MEL-BNE,398.404047849181,156.621732047882,-0.15678585974981,MEL,LHR,1.14579288730287,581,False
East Alejandra,Berryberg,2023-03-17 02:56:19,0.744045083568461,155,10809,Jessica Jones,First,Silver,MEL-BNE,170.599017450343,223.166162310712,-1.82227008027166,BNE,SIN,0.742849902109346,3918,True
Michaelbury,Nelsonstad,2023-02-05 20:53:36,-1.415330999078,13,10810,Michael Brown,First,Platinum,BNE-SYD,395.544276852532,267.999634037432,1.00066336960987,BNE,LHR,0.8355595386747,1283,True
East Erica,South Allenbury,2023-03-05 03:15:28,1.419030687371,37,10811,Thomas Martin,First,Platinum,MEL-BNE,269.337676384222,121.886863039516,-0.52269296978168,BNE,SIN,0.517171628937698,2032,True
Lake Johnfurt,South Brittany,2023-06-09 06:14:53,-0.389485603737636,47,10812,Charles Martin,Economy,Silver,SYD-MEL,443.570668101002,522.678784227095,-0.869496278475145,SYD,LHR,1.06500663587133,3273,False
Pottsfort,Gutierrezport,2023-01-31 04:40:50,1.13218375779796,121,10813,Joseph Wilson,Business,Silver,BNE-SYD,269.689938892232,240.329579953195,-0.318698929950876,BNE,LAX,1.02704220837528,3926,True
Port Edgar,Aliciaview,2023-06-27 02:41:14,-0.367434782139747,93,10814,David Martinez,Business,Gold,BNE-SYD,266.704446014396,402.009383949504,-1.09846670204293,MEL,SIN,1.03426004490481,2908,False
Port Matthewshire,Weaverberg,2023-11-20 21:52:01,-1.58695175251813,161,10815,George Gonzalez,Business,Platinum,BNE-SYD,145.092393127391,464.276568700518,-0.0118646818930777,BNE,SIN,0.861498608772852,3124,False
South Brenda,Nicholsshire,2023-01-20 04:20:32,0.651471215018895,13,10816,John Lopez,First,Platinum,BNE-SYD,277.725781285037,159.54296102292,-1.38829699323333,SYD,LHR,1.47288265897819,1250,True
Port Michellefort,East Davidbury,2023-08-04 21:21:34,0.154475845451108,142,10817,Linda Jones,First,Platinum,SYD-MEL,554.150067199985,278.686361524234,-0.450309144887869,MEL,LAX,1.74128097025675,500,False
North Debbie,Mollyville,2023-04-30 11:55:33,-0.430160297870678,136,10818,Sarah Rodriguez,Business,Platinum,SYD-MEL,433.641152855367,466.510742500237,-0.224722003477414,BNE,SIN,0.983831745298075,3829,False
Butlerside,East Morganburgh,2023-09-18 18:07:50,0.691411605453395,137,10819,Linda Wilson,First,Platinum,MEL-BNE,133.051346666097,342.29859493373,0.0614246164033726,SYD,SIN,1.08324351132866,1811,False
Cobbshire,Port Johnport,2023-02-13 17:27:12,0.17274914463846,173,10820,Jessica Brown,Business,Platinum,BNE-SYD,380.922484752773,340.412105924286,0.217283783287309,SYD,LHR,1.32839637962609,4718,False
Kennedyfort,South Amy,2023-05-03 20:11:37,0.690383866806285,165,10821,George Wilson,Business,Platinum,BNE-SYD,345.551251297777,354.721672704488,1.87170498496522,BNE,SIN,0.807054783006191,3658,False
East Lori,Gallowaychester,2023-09-02 07:25:33,1.22830603525145,89,10822,Jennifer Wilson,Economy,Platinum,MEL-BNE,286.221999424951,497.00098712232,-0.34769840768009,SYD,LHR,0.729773700528727,763,True
Michaelbury,Nelsonstad,2023-01-09 15:57:39,-1.60767910831287,163,10823,David Wilson,First,Silver,BNE-SYD,527.38208106665,195.020607695757,0.776983977509599,BNE,LHR,1.01787567306722,944,False
Lake Stephaniefurt,South Mariaview,2023-10-17 16:41:59,0.155024655245376,91,10824,William Williams,Economy,Silver,MEL-BNE,97.3165966268351,163.58233492663,0.608972937422404,MEL,LHR,0.903160085259099,2966,True
Simpsonstad,New Cathy,2023-07-29 15:49:23,-1.51215897259317,102,10825,Michael Miller,Business,Gold,BNE-SYD,297.241460996943,413.446643548805,0.227338795976709,BNE,LAX,0.971868650978274,4130,False
Stevenville,Nicholasberg,2023-04-19 16:57:59,0.167488541295065,125,10826,John Davis,Economy,Platinum,MEL-BNE,386.347476722592,280.81020977805,-1.28923642105482,BNE,LHR,1.51066405361891,3352,True
North Lorifurt,Johnsontown,2023-10-08 19:58:15,1.23818472220972,85,10827,George Gonzalez,Business,Platinum,BNE-SYD,377.900107637102,362.476444569751,1.43551295352183,MEL,LAX,0.807299148777581,2552,False
Port Robert,Morenofort,2023-03-29 17:38:35,0.165531842014787,111,10828,Elizabeth Martinez,First,Gold,MEL-BNE,507.254681203555,354.406233977068,1.18144812228596,BNE,SIN,1.16934649974326,2922,False
Pottsfort,Gutierrezport,2023-03-31 06:14:49,1.28215254769534,151,10829,John Wilson,First,Silver,BNE-SYD,354.717559066958,312.611006213263,-0.392942831904732,BNE,LAX,1.02877577259358,3711,False
Kennedyfort,South Amy,2023-08-27 14:23:11,0.675451284155537,10,10830,Mary Moore,First,Platinum,BNE-SYD,361.152594273738,244.762671803484,1.39694127178696,BNE,SIN,0.894535906573009,15,True
Lake Johnfurt,South Brittany,2023-04-18 12:59:09,-0.409574510743667,149,10831,Richard Johnson,Business,Silver,SYD-MEL,526.564568543315,392.351876501411,-1.11191151066882,SYD,LHR,1.08843092799779,1551,False
Wilsonstad,Lake Johnmouth,2023-01-21 07:44:57,1.21562050571015,88,10832,William Wilson,First,Gold,MEL-BNE,427.053669961047,377.737393047924,-0.907098861909085,MEL,LHR,0.630863677408239,3340,True
Owenborough,Kelleymouth,2023-04-19 20:27:30,-0.425162879736236,90,10833,William Miller,Economy,Silver,BNE-SYD,334.632890400305,328.354093132984,-0.585259374141853,BNE,SIN,1.29915614601189,1658,False
Aprilchester,North Jeffreyside,2023-06-03 14:02:05,0.782315000038006,145,10834,Sarah Rodriguez,First,Gold,MEL-BNE,144.33572149482,171.974932103905,-1.1590249952454,BNE,LAX,1.21368691743587,2591,False
Brittneychester,South Patricia,2023-11-23 01:24:48,-1.37367752566437,12,10835,Mary Gonzalez,Economy,Platinum,SYD-MEL,191.040344430072,267.759809326212,0.209527546160014,BNE,LAX,0.963680039774155,461,False
Port Sheenatown,East Melissa,2023-03-29 04:44:50,1.19434357210792,81,10836,Patricia Johnson,Economy,Silver,MEL-BNE,591.752076476731,183.385459082767,1.12113872478193,BNE,SIN,1.7965459446221,3287,True
East Alejandra,Berryberg,2023-01-21 23:03:12,0.777429958249138,32,10837,David Anderson,Economy,Platinum,MEL-BNE,157.963369369765,188.201432369632,-1.62279365051948,BNE,SIN,0.834222781070637,1689,True
Simpsonstad,New Cathy,2023-12-22 01:16:22,-1.60123837442907,28,10838,Michael Thomas,First,Silver,BNE-SYD,249.750848255225,415.142700786305,0.273369364803857,BNE,LAX,0.96928454055662,3708,False
New Brent,Port Wanda,2023-09-18 23:46:55,1.22517695196202,61,10839,Michael Martin,Business,Silver,BNE-SYD,93.4830974073393,443.721794753811,-1.06169132677796,MEL,SIN,1.5177259383981,578,False
Wilsonstad,Lake Johnmouth,2023-03-30 20:43:05,1.39843908125479,6,10840,Michael Johnson,First,Platinum,MEL-BNE,402.251634639059,350.952472881812,0,MEL,LHR,0.538356340408869,4163,False
Coryton,Hillport,2023-12-17 20:17:23,0.728016259195623,4,10841,Karen Garcia,Business,Gold,SYD-MEL,459.500462762702,286.171372118592,-0.235483526103302,SYD,LAX,1.35872918077821,3851,False
Ericaton,Scottbury,2023-02-16 14:18:54,0.167787302934195,58,10842,William Jones,Business,Gold,SYD-MEL,430.88128085626,412.515129036044,0.0228160486964808,SYD,SIN,1.08444772806283,4871,True
South Brenda,Nicholsshire,2023-01-31 06:56:39,0.708099794517492,129,10843,Michael Taylor,First,Platinum,BNE-SYD,286.751893509894,143.887297544402,-1.31081666499848,SYD,LHR,1.72317585372245,2167,False
South Deborah,New Kathrynburgh,2023-07-26 23:53:34,0.162389177537516,114,10844,David Johnson,Economy,Gold,MEL-BNE,243.006786530781,331.773482108492,-1.87238866267823,SYD,SIN,0.820020166357042,1454,False
Port Carolyn,Port Robert,2023-05-13 17:36:14,-1.58916578832789,4,10845,John Moore,First,Platinum,BNE-SYD,188.473690131905,259.823278463276,0.596945716929767,BNE,LHR,1.4773812895821,1597,True
East Francesborough,Port Kristi,2023-07-16 15:11:48,1.29024962980386,147,10846,Barbara Miller,First,Platinum,SYD-MEL,519.598761171445,271.629967573351,-1.51022729561564,BNE,LHR,0.688143533497603,82,False
New Sarashire,West Graceside,2023-11-17 01:12:50,0.175727175668423,8,10847,Charles Williams,Business,Platinum,SYD-MEL,510.601970677925,236.660935021113,-0.336867285022446,SYD,SIN,0.489006752907496,1501,False
Kennedyfort,South Amy,2023-07-18 18:29:31,0.780338029362063,35,10848,Karen Jackson,Business,Gold,BNE-SYD,371.029837816973,239.982495664593,1.4805691701131,BNE,SIN,0.844004057795328,2379,True
Lake Alexandrashire,Stephaniefort,2023-02-14 03:13:29,0.769700910553798,118,10849,Robert Anderson,Economy,Gold,SYD-MEL,208.323432801352,113.040164555484,0.415023875289629,MEL,LHR,1.36895962030431,3868,False
Martinezborough,Johnfurt,2023-11-26 18:52:09,-1.3579291704266,148,10850,Michael Jackson,First,Platinum,BNE-SYD,188.500569916477,263.867727996739,0.757930927190112,MEL,SIN,0.750892732264549,4959,True
New Guymouth,Jonesborough,2023-06-01 08:11:54,0.179424331521584,149,10851,Susan Martin,Business,Gold,BNE-SYD,94.6606792915433,497.013603816707,1.73956219150307,BNE,LHR,0.916729537586947,2102,True
South Kimberlyland,North William,2023-05-26 08:06:38,-1.05252831261089,91,10852,Thomas Moore,Business,Silver,BNE-SYD,275.878522816756,109.643561977826,2.3131034188409,SYD,SIN,1.6348470851993,4715,False
West Vincentchester,North Stevenhaven,2023-10-29 01:16:09,-0.392245066023608,178,10853,Joseph Davis,First,Platinum,BNE-SYD,131.717492711647,301.114008549734,1.34848103346519,MEL,LHR,1.59203370231372,1468,False
Cobbshire,Port Johnport,2023-03-14 16:46:57,0.150210017057916,99,10854,Jessica Lopez,Business,Platinum,BNE-SYD,296.137767821175,357.700575162837,0.208047302500962,SYD,LHR,1.14912549650928,779,False
Susanberg,South Billy,2023-12-15 13:54:30,-1.01974418921267,8,10855,Joseph Martin,Economy,Platinum,MEL-BNE,365.852634254457,506.237014403719,0,SYD,LHR,1.18701951902127,2665,False
East Francesborough,Port Kristi,2023-09-12 21:40:55,1.36464751242815,66,10856,Thomas Lopez,Business,Silver,SYD-MEL,464.619184992906,295.761490625077,-1.39681038833945,BNE,LHR,0.500975363469051,701,True
Lake Jeremyville,North Lawrencemouth,2023-09-24 02:29:52,0.16580631804349,155,10857,Michael Martin,Business,Gold,MEL-BNE,271.361211957213,323.517070196763,-0.520540346852397,MEL,LAX,0.694557360416896,2278,True
Aprilchester,North Jeffreyside,2023-03-01 00:58:00,0.687951375797133,6,10858,Robert Wilson,Business,Silver,MEL-BNE,167.794821544606,132.25726011588,-1.39228864900861,BNE,LAX,1.21802060627158,4265,True
East Francesborough,Port Kristi,2023-08-22 10:36:19,1.26377737993389,147,10859,Thomas Wilson,Business,Silver,SYD-MEL,371.56116179614,295.136865310428,-1.23488979959971,BNE,LHR,0.54503054377355,119,False
Walkerberg,Lake Matthewbury,2023-07-21 07:09:28,1.33185516131181,82,10860,Barbara Lopez,First,Silver,MEL-BNE,547.640740415772,374.385481987489,0.493307504429867,BNE,LAX,1.08677869879215,69,True
North Evelynland,Lucasstad,2023-11-13 17:09:23,-0.976185485120764,115,10861,Susan Johnson,Economy,Silver,MEL-BNE,239.541921555206,347.293146557166,1.12271854207651,BNE,LHR,1.22019523261021,1440,False
Josephtown,Port Kennethfurt,2023-06-07 16:21:23,1.31022625322486,114,10862,Susan Moore,Economy,Platinum,SYD-MEL,152.584640681671,108.532524723061,0.405139780146897,BNE,SIN,0.769522264018675,4227,False
Flowersburgh,East Justin,2023-02-28 11:54:19,0.796095076393836,8,10863,Thomas Williams,Business,Platinum,SYD-MEL,316.925424473732,310.943273035535,-0.914910981737318,BNE,LHR,0.835899487950705,2715,True
Gregorystad,Hamiltonburgh,2023-01-22 06:53:25,-1.5152650478716,96,10864,Susan Thomas,Business,Platinum,MEL-BNE,195.588895864262,178.567520524454,-1.28394033669475,MEL,SIN,1.14095385076668,3230,False
Susanberg,South Billy,2023-06-29 22:30:20,-1.02799739346497,103,10865,Jessica Martinez,Business,Gold,MEL-BNE,406.52409749278,439.920385453391,-0.348986183200232,SYD,LHR,1.27352095193321,3762,True
Lake Johnfurt,South Brittany,2023-09-05 19:51:53,-0.385360281183144,14,10866,Barbara Thomas,First,Gold,SYD-MEL,469.680103519073,503.923814008419,-1.20229285989933,SYD,LHR,1.23867656245787,3930,False
South Samanthaberg,Lake Meganside,2023-04-05 01:32:20,0.767864958427238,154,10867,Robert Jackson,First,Silver,MEL-BNE,152.65455279092,390.099610819259,1.38511670569841,MEL,LAX,0.994678730427839,1359,True
Cobbshire,Port Johnport,2023-06-05 01:38:25,0.162057665443191,9,10868,Joseph Rafaelyan,Business,Silver,BNE-SYD,286.955149013534,348.897016180981,0.221985320262959,SYD,LHR,1.04104094363893,4577,False
New Michelle,Wallacehaven,2023-09-01 04:38:46,0.657918809022549,83,10869,Jennifer Johnson,First,Silver,MEL-BNE,156.330586257823,170.244646327623,-1.53738019985639,SYD,SIN,1.05605440704669,1679,True
Butlerside,East Morganburgh,2023-06-26 06:35:00,0.726260985321031,119,10870,Susan Rafaelyan,Business,Silver,MEL-BNE,164.733508148539,460.112786717651,0.058091550699616,SYD,SIN,0.851145120712649,4018,False
Lake Stephaniefurt,South Mariaview,2023-07-07 03:24:31,0.168358111202978,26,10871,Elizabeth Davis,Economy,Silver,MEL-BNE,103.199718642503,150.327998568544,0.589649024619053,MEL,LHR,0.654487821531258,4569,False
East David,South Nicholasville,2023-02-21 08:50:50,-0.420891566425632,105,10872,Jennifer Moore,First,Platinum,SYD-MEL,236.772524868707,502.596724375299,0.0160199791461813,SYD,SIN,1.17367176846467,4323,True
North Gregorymouth,Christinaville,2023-10-25 22:21:59,-0.393103561431791,20,10873,Elizabeth Davis,Economy,Platinum,MEL-BNE,138.761010677193,445.12264649352,0.10109774143436,MEL,SIN,1.37014105339222,1815,True
West Nicoleland,Vasquezhaven,2023-02-16 08:48:15,1.24915573747729,67,10874,David Taylor,First,Platinum,BNE-SYD,166.224961889393,350.952566311974,-0.778159203830432,SYD,LHR,0.916550349864827,2389,False
Michaelchester,Fullerbury,2023-07-22 22:37:53,0.782173940735566,94,10875,Jennifer Anderson,Business,Platinum,BNE-SYD,248.274679887712,403.277397958141,-1.11889404720174,MEL,LAX,0.796846236373147,374,False
Lake Johnfurt,South Brittany,2023-10-17 03:58:15,-0.41283846416303,18,10876,Joseph Miller,Business,Silver,SYD-MEL,467.594236090627,517.917118622888,-1.22049172782399,SYD,LHR,0.986313962494086,3370,False
Thomasshire,Freemanfort,2023-06-05 11:00:38,-0.411206946146029,45,10877,Susan Martinez,Business,Platinum,BNE-SYD,261.842426794519,345.77404591717,0.431845689620316,BNE,LAX,1.40986984225369,3958,True
Murrayhaven,Lake Jennifermouth,2023-01-02 13:22:28,-0.962006820780202,96,10878,William Johnson,First,Silver,BNE-SYD,405.994431838311,347.569425476259,0.695400203816855,SYD,LHR,1.6581940603536,2616,False
Josephtown,Port Kennethfurt,2023-08-16 03:56:10,1.24544132007838,95,10879,Patricia Brown,Business,Silver,SYD-MEL,160.927077817343,84.5087571498646,0.303225905876423,BNE,SIN,0.879503486893392,1350,True
Hardyberg,Valenciachester,2023-05-30 14:38:18,-1.40284041313874,64,10880,Joseph Wilson,Economy,Gold,SYD-MEL,419.715045482698,202.471894602034,-1.22518405192218,SYD,LHR,0.861610099387332,822,True
Flowersburgh,East Justin,2023-09-27 00:53:31,0.674435711996037,63,10881,Robert Johnson,First,Gold,SYD-MEL,337.110132557234,315.832324326942,-0.86440859495066,BNE,LHR,0.628714193618579,1913,True
North Debbie,Mollyville,2023-02-13 00:59:00,-0.415997655607196,38,10882,Charles Miller,Economy,Silver,SYD-MEL,426.755665604033,541.600568962183,-0.280716852447887,BNE,SIN,0.833135483278296,360,False
Marymouth,Port Patriciaton,2023-01-06 02:37:55,0.15972866455205,46,10883,David Jackson,Economy,Platinum,MEL-BNE,170.019384957917,365.435059459172,-0.0379480245156256,MEL,SIN,0.900893885914342,3487,False
North Lorifurt,Johnsontown,2023-05-16 07:01:02,1.29123055149893,133,10884,Richard Martinez,Economy,Silver,BNE-SYD,402.792607519074,369.557253939626,1.55513192128118,MEL,LAX,0.701887538554901,4758,False
East David,South Nicholasville,2023-05-28 13:11:48,-0.414838923921215,2,10885,Thomas Moore,First,Gold,SYD-MEL,284.410279865483,386.314567397608,0.0116974263625777,SYD,SIN,1.10825075999575,131,True
Port Sheenatown,East Melissa,2023-04-03 16:22:48,1.22211073985858,26,10886,Barbara Williams,Business,Gold,MEL-BNE,501.649888135271,151.47995659438,1.07916082918209,BNE,SIN,1.5197258711279,1708,True
Lake Jeremyville,North Lawrencemouth,2023-11-11 14:14:49,0.181951892275302,29,10887,Thomas Johnson,First,Silver,MEL-BNE,316.675178497893,306.198572877341,-0.44281162337312,MEL,LAX,0.964505761929957,1477,True
Julianberg,North Brittneychester,2023-02-16 18:28:20,1.16820541273088,89,10888,Susan Rodriguez,Economy,Silver,MEL-BNE,283.572248106016,328.537983129515,-1.4054139154598,MEL,SIN,0.852833651129898,926,True
Thomasshire,Freemanfort,2023-07-10 02:15:30,-0.395766218642731,3,10889,Joseph Rodriguez,First,Gold,BNE-SYD,364.127010214845,342.709752933389,0.454476591374864,BNE,LAX,1.35180333107089,1324,True
New Guymouth,Jonesborough,2023-02-10 21:44:39,0.164370943722419,161,10890,Joseph Rodriguez,Business,Platinum,BNE-SYD,118.901698329311,472.104782517389,1.32545420777648,BNE,LHR,0.788005877819736,4457,True
Brianshire,West Alexis,2023-07-11 02:58:31,1.26771481648523,110,10891,Karen Gonzalez,Business,Gold,SYD-MEL,532.454181688253,313.623393297346,1.97667445897473,SYD,LHR,0.446575600727002,1967,True
Arnoldtown,Morriston,2023-10-21 00:21:37,0.170067780188228,149,10892,Sarah Rodriguez,Economy,Gold,SYD-MEL,401.211063819398,239.46445024472,-1.13490959489246,SYD,LAX,0.635942488136376,2383,True
Michaelchester,Fullerbury,2023-04-28 12:15:14,0.733122681932545,77,10893,Michael Davis,Business,Platinum,BNE-SYD,298.189680964321,306.528782013474,-1.12999801144692,MEL,LAX,0.846182148586326,1042,True
Brittneychester,South Patricia,2023-03-28 14:21:07,-1.51754783929461,29,10894,David Williams,Economy,Platinum,SYD-MEL,181.724766810417,296.698015091829,0.217525674029447,BNE,LAX,1.39702484603504,1382,False
East Alejandra,Berryberg,2023-07-30 17:35:09,0.726644609248194,157,10895,Jessica Anderson,Economy,Silver,MEL-BNE,196.351576909359,206.582304810563,-1.54203000738811,BNE,SIN,0.87679793221154,4423,False
Coryton,Hillport,2023-09-14 23:00:12,0.743971451157936,12,10896,Thomas Martin,Business,Platinum,SYD-MEL,367.776659836422,313.793005776621,-0.255733500001653,SYD,LAX,1.53638731612654,3869,True
East Alejandra,Berryberg,2023-01-06 00:25:38,0.806524179855595,133,10897,Jennifer Wilson,Economy,Platinum,MEL-BNE,188.637621779594,207.167708903464,-1.34511495257593,BNE,SIN,0.626579435577486,4798,False
Lake Billyland,Loganchester,2023-02-01 22:02:05,1.20642111207057,79,10898,Susan Martin,Business,Gold,MEL-BNE,232.455745548904,342.575864820424,-1.34118957886331,BNE,LAX,0.876722118601198,2045,True
Brittanyview,Elizabethview,2023-07-23 09:06:37,-0.414715182074751,131,10899,David Thomas,Business,Silver,BNE-SYD,325.98627865516,286.70593206241,-0.89150639408448,MEL,LHR,0.803528372145817,484,True
Leeberg,Higginstown,2023-12-01 13:21:17,-0.997382776771212,166,10900,Barbara Taylor,Business,Silver,MEL-BNE,382.517521543741,559.16860483004,-1.31462828257125,SYD,LAX,1.43958515585105,3690,False
West Nicoleland,Vasquezhaven,2023-02-08 22:41:02,1.35569365956332,4,10901,Jessica Martin,Business,Platinum,BNE-SYD,219.119984451422,405.248551260508,-0.720124966031297,SYD,LHR,0.868332942080506,1056,False
Port Jason,Mannshire,2023-08-04 21:07:39,-0.999995522536672,65,10902,John Rafaelyan,Business,Gold,MEL-BNE,405.467534017834,104.35270112078,0.705004908201978,BNE,LAX,1.50489241515344,889,False
Ericaton,Scottbury,2023-03-29 23:20:42,0.174758051188751,47,10903,Charles Rodriguez,Business,Platinum,SYD-MEL,344.403036554314,407.459657243009,0.0222887379823241,SYD,SIN,0.995838776709356,2308,True
East Francesborough,Port Kristi,2023-09-24 22:05:50,1.25431510080437,144,10904,Susan Thomas,Business,Platinum,SYD-MEL,512.524496124455,329.67099731877,-1.38460392359772,BNE,LHR,0.63820335501192,363,False
Lake Stephaniefurt,South Mariaview,2023-05-13 01:33:40,0.169119101061481,114,10905,Linda Anderson,First,Platinum,MEL-BNE,111.723360317339,164.308155009911,0.587040986140516,MEL,LHR,0.790183784177588,464,False
North Karenstad,Ashleyburgh,2023-12-21 18:54:17,-1.50142846903697,158,10906,Robert Brown,First,Gold,SYD-MEL,500.000117607766,434.395822390712,-0.666970177940388,BNE,LAX,1.0064237102391,4265,True
Samanthaport,Jeremyport,2023-07-13 18:19:44,-0.35845107670494,20,10907,David Jackson,Business,Silver,SYD-MEL,192.350602279606,136.017024120826,-0.0455878803042689,MEL,LHR,0.870408225102012,4489,False
Tiffanychester,Hughesland,2023-01-21 13:48:12,-0.356602003382837,29,10908,George Jackson,Economy,Silver,SYD-MEL,396.020838439788,170.442907243346,0,BNE,SIN,1.25879318539711,2250,True
New Ashley,West Victoriaside,2023-05-19 14:17:12,1.13308430920383,98,10909,Sarah Johnson,Business,Platinum,MEL-BNE,122.735548536877,247.093220817804,-0.829907455783011,MEL,LHR,1.02699988370913,4639,True
Port Tina,Cherylmouth,2023-09-12 08:23:28,1.15962868454053,67,10910,George Williams,Business,Gold,BNE-SYD,281.544823594991,253.971686324443,0.302412315709923,BNE,SIN,0.877689205145104,511,True
Mcdonaldmouth,Ryanfort,2023-03-24 20:35:45,1.21288141980455,165,10911,George Martinez,Business,Silver,MEL-BNE,375.398629744215,251.914313523296,1.15818068342672,BNE,LHR,0.485186229347751,224,True
